,Categorical Data,,,,,,Numerical Data
Customer ID,Customer Name,Gender,Age,Region,Job Classification,Date Joined,Balance
100001307,,Female,31,England,Job Classification,22-07-2020,183467.7
100003450,Carl Fraser,Male,35,England,,30-11-2020,
200002010,Connor North,Male,50,Scotland,Other,11-09-2020,172085.48
100003832,Sebastian Arnold,Male,44,England,Blue Collar,20-12-2020,
400000914,Anna Randall,Female,25,Northern Ireland,Blue Collar,18-06-2020,149698.12
100001823,Natalie Paige,Female,34,England,White Collar,28-08-2020,
100003108,David Metcalfe,Male,27,England,White Collar,11-11-2020,146892.37
400000639,Peter Miller,Male,28,Northern Ireland,White Collar,22-05-2020,146569.77
300000524,Brandon Clark,Male,31,Wales,White Collar,16-05-2020,145995.97
300003185,Piers Dyer,Male,39,Wales,White Collar,14-11-2020,144607.38
300002335,Benjamin Howard,Male,36,Wales,White Collar,27-09-2020,144209.77
100003732,Faith Ince,Female,34,England,White Collar,15-12-2020,143879.62
100002742,Alison Manning,Female,30,England,White Collar,22-10-2020,143808.39
100002822,Amelia Morrison,Female,36,England,White Collar,26-10-2020,143447.15
100001786,Jan Hunter,Female,28,England,White Collar,26-08-2020,142461.87
200001502,Stewart Vaughan,Male,57,Scotland,Blue Collar,03-08-2020,141792.5
100003991,Sue Cornish,Female,30,England,White Collar,29-12-2020,139784.01
200002025,Dan Forsyth,Male,58,Scotland,White Collar,12-09-2020,139610.13
200002634,Paul Sanderson,Male,57,Scotland,Other,15-10-2020,139509.54
100003226,,Male,39,England,White Collar,,139434.09
200002353,Leonard Lyman,Male,64,Scotland,Blue Collar,28-09-2020,139415.88
100002438,Grace Hardacre,Female,30,England,White Collar,03-10-2020,138086.22
100003786,Gavin Hart,Male,35,England,White Collar,17-12-2020,137981.62
200000764,Carl Arnold,Male,48,Scotland,Other,31-05-2020,137330.94
100000120,Andrea Dickens,Female,31,England,White Collar,31-03-2020,136370.38
300002539,Julian Mackay,Male,35,Wales,Other,09-10-2020,136365.52
100003500,,Male,29,England,White Collar,03-12-2020,135545.59
100002367,Ryan Mackenzie,Male,34,England,Blue Collar,29-09-2020,135158.19
300001034,Julian Carr,Male,35,,Blue Collar,29-06-2020,134324.66
,,,,,,,
100003501,Alan Wright,Male,34,England,Other,03-12-2020,133630.5
100003094,Andrea Alsop,Female,23,England,White Collar,10-11-2020,133589.87
400002618,Alison McGrath,Female,28,Northern Ireland,Other,14-10-2020,133050.09
300000794,Cameron Alsop,Male,41,Wales,White Collar,03-06-2020,132675.53
100002082,Justin Young,Male,32,England,White Collar,16-09-2020,132536.87
200000463,Paul Reid,Male,46,Scotland,Blue Collar,12-05-2020,131848.63
100001635,Lauren Manning,Female,34,England,White Collar,15-08-2020,131464.91
100000838,Felicity MacLeod,Female,25,England,White Collar,,130797.71
100001960,Olivia Harris,Female,31,England,White Collar,08-09-2020,130717.22
300002728,Warren Hill,Male,47,Wales,Blue Collar,21-10-2020,128488.01
200002601,Jake McGrath,Male,58,Scotland,Blue Collar,13-10-2020,128259.93
200000493,Jacob Forsyth,Male,49,Scotland,Blue Collar,14-05-2020,127883.17
200000630,,Male,51,,Blue Collar,22-05-2020,126331.75
100000578,Nathan Davidson,Male,33,England,Blue Collar,19-05-2020,126150.99
100002809,Stephen Welch,Male,34,England,Blue Collar,26-10-2020,125975.42
100003715,Molly Young,Female,36,England,White Collar,14-12-2020,125690.43
100003333,Jason Kerr,Male,37,England,Blue Collar,24-11-2020,125213.72
100001460,Rose Morrison,Female,34,England,White Collar,31-07-2020,125101.37
100001309,Colin Hamilton,Male,35,England,White Collar,22-07-2020,125015.82
200001573,Adam Campbell,Male,31,Scotland,White Collar,10-08-2020,124232.17
100001316,,Male,25,England,White Collar,22-07-2020,123865.36
100003658,Ruth MacDonald,Female,35,England,White Collar,11-12-2020,123357.17
100003660,Jason Coleman,Male,24,England,Blue Collar,,123346.44
100002390,Penelope Dowd,Female,45,,White Collar,30-09-2020,123159.76
100000303,Brian Russell,Male,42,England,Blue Collar,24-04-2020,122903.78
300000006,Ava Coleman,Female,30,Wales,Blue Collar,09-01-2020,122443.77
100003960,Michael Poole,Male,33,England,White Collar,27-12-2020,122294.27
100001459,Katherine Mills,Female,37,England,White Collar,31-07-2020,122248.3
100001257,Stewart Walsh,Male,33,England,White Collar,18-07-2020,122002.75
400000692,Hannah Hudson,Female,34,Northern Ireland,Other,26-05-2020,121806.79
200002070,Jack Sanderson,Male,53,Scotland,Blue Collar,15-09-2020,121801.58
300001979,Brandon Dyer,Male,33,Wales,Blue Collar,09-09-2020,121683.14
100003506,Jennifer Turner,Female,41,England,White Collar,03-12-2020,121591.95
400000540,Fiona Baker,Female,31,Northern Ireland,Other,17-05-2020,121133.06
300001341,Isaac Burgess,Male,28,Wales,White Collar,22-07-2020,121021.5
100000404,Stewart Bell,Male,38,England,White Collar,07-05-2020,120732.35
300001575,James Payne,Male,33,Wales,White Collar,10-08-2020,120278.47
100002218,Jasmine Turner,Female,29,England,White Collar,24-09-2020,119118.39
200000101,Stewart Lewis,Male,51,Scotland,Blue Collar,16-03-2020,119014.87
400003848,Carolyn Dowd,Female,52,Northern Ireland,Other,20-12-2020,118676.95
100002542,William Arnold,Male,37,England,White Collar,10-10-2020,118379.33
100002888,Carolyn Ferguson,Female,39,England,White Collar,29-10-2020,
100003949,Harry Poole,Male,23,England,White Collar,26-12-2020,117946.76
300002297,,Female,30,Wales,White Collar,25-09-2020,117809.44
400002151,Adam Skinner,Male,37,,White Collar,19-09-2020,117089.6
100003761,Kevin Hunter,Male,33,England,White Collar,16-12-2020,116577.61
100002306,Luke Lyman,Male,31,England,White Collar,26-09-2020,116522.47
300003006,Claire Scott,Female,34,Wales,White Collar,03-11-2020,116366.09
100000243,Paul Davies,Male,47,England,Blue Collar,17-04-2020,116144.95
200002900,Connor Rees,Male,60,Scotland,Other,29-10-2020,115932.44
100001732,Jacob Arnold,Male,47,England,White Collar,23-08-2020,115722.65
300001410,Boris Metcalfe,Male,43,Wales,White Collar,27-07-2020,115674.98
200001677,Joan Jones,Female,56,Scotland,Other,20-08-2020,115592.15
100000183,Christian Piper,Male,31,England,White Collar,07-04-2020,115312.87
100002480,Deirdre Mackay,Female,27,England,Blue Collar,06-10-2020,115220.03
200003071,Deirdre Burgess,Female,49,Scotland,Other,08-11-2020,115069.41
100002862,Ian May,Male,35,England,White Collar,28-10-2020,114954.78
200001519,Gabrielle Chapman,Female,38,Scotland,Other,05-08-2020,114945.55
200001679,Victor Arnold,Male,61,Scotland,Blue Collar,20-08-2020,114858.67
200000040,Gavin Pullman,Male,59,Scotland,Other,31-01-2020,114456.23
100003589,Andrea Short,Female,40,England,Blue Collar,07-12-2020,114118.53
100001124,Owen Forsyth,Male,35,England,White Collar,08-07-2020,114115.93
200003772,Leonard Miller,Male,53,Scotland,Blue Collar,16-12-2020,114059.89
200000043,,,49,Scotland,Blue Collar,01-02-2020,114021.21
,,,,,,,
,,,,,,,
100002137,Amy Lawrence,Female,21,England,Blue Collar,19-09-2020,113673.32
100001719,Madeleine Quinn,Female,30,England,Blue Collar,23-08-2020,113533.08
200001585,Dylan Young,Male,42,Scotland,Other,11-08-2020,112917.42
100002386,Andrea Hudson,Female,46,England,White Collar,30-09-2020,112571.21
300001642,Keith Fisher,Male,41,Wales,White Collar,16-08-2020,112243.76
100003455,Julia Mills,Female,39,England,White Collar,30-11-2020,112000.36
200001995,,,,,,10-09-2020,111961.53
100000274,Rose Russell,Female,34,England,Other,18-04-2020,111818.28
100001270,Andrew Campbell,Male,34,England,Other,19-07-2020,111798.34
100001806,Justin Wilson,Male,35,England,Other,27-08-2020,111412.09
100002497,Yvonne Parsons,Female,36,,,,
100000124,John Black,Male,39,,,,
,,,,,,,111036.92
300001338,Charles Simpson,Male,44,Wales,White Collar,22-07-2020,110880.94
200000623,Brian Mitchell,Male,53,Scotland,Other,21-05-2020,110688.19
200002125,Tracey Greene,Female,62,Scotland,Other,18-09-2020,110171.27
200003153,Sebastian Peters,Male,51,Scotland,Blue Collar,13-11-2020,109395.78
100001305,Boris Morgan,Male,34,England,Blue Collar,22-07-2020,109300.73
300000393,Lily Lyman,Female,34,Wales,Other,06-05-2020,109225.68
100000206,Wanda Short,Female,36,England,White Collar,12-04-2020,109026.81
200003653,Connor Gray,Male,54,Scotland,Blue Collar,10-12-2020,108968.26
300002334,Joe Nolan,Male,33,Wales,Blue Collar,27-09-2020,108674.69
100003867,Jonathan Peters,Male,30,England,Blue Collar,22-12-2020,108224.88
400000044,Yvonne Churchill,Female,22,Northern Ireland,Other,01-02-2020,107728.07
400000988,Hannah Hardacre,Female,39,Northern Ireland,White Collar,24-06-2020,107680.1
100000982,Deirdre Avery,Female,34,England,White Collar,24-06-2020,107641.39
100001113,Olivia Rees,Female,42,England,Other,07-07-2020,107366.02
100001889,Molly Hunter,Female,34,England,White Collar,02-09-2020,107351.49
100000443,Justin Hodges,Male,27,England,White Collar,11-05-2020,107287.71
100002339,Deirdre May,Female,31,England,Other,28-09-2020,107268.59
200000362,,,,,,,107185.54
100001887,,,,,,,107130.48
100002286,Wanda Mackenzie,Female,28,England,White Collar,25-09-2020,107083.15
100001224,Sophie Avery,Female,28,England,Other,15-07-2020,106947.88
400001467,Ryan Poole,Male,23,Northern Ireland,Blue Collar,31-07-2020,106836
100001414,Stephen Ogden,Male,29,England,Other,28-07-2020,106821.73
300000767,Chloe Bond,Female,34,Wales,White Collar,31-05-2020,106555.59
100002132,Penelope Bailey,Female,30,England,White Collar,19-09-2020,106490.28
100002813,Bella Hart,Female,39,England,Blue Collar,26-10-2020,106334.38
200003055,Dan Morrison,Male,36,Scotland,Blue Collar,07-11-2020,106275.73
200002695,,,,,,,
200002902,,,,,,,
100000227,Connor Gill,Male,29,England,Other,15-04-2020,106172.13
100002307,Nicola Gray,Female,43,England,White Collar,26-09-2020,106071.02
100001958,Heather Slater,Female,41,England,Blue Collar,08-09-2020,105902.66
200003522,John Rees,Male,52,Scotland,White Collar,03-12-2020,105810.79
100001212,Lucas Pullman,Male,39,England,White Collar,14-07-2020,105718.04
100001370,Kylie Buckland,Female,30,England,Other,25-07-2020,105695.88
300001812,Boris Lambert,Male,36,Wales,White Collar,27-08-2020,105439.61
200001273,Luke Lambert,Male,61,Scotland,Other,19-07-2020,105354.02
100003276,Gabrielle Jones,Female,39,England,White Collar,21-11-2020,105339.9
200000947,Katherine Ball,Female,56,Scotland,Other,20-06-2020,105138.65
,,,,,,,
,,,,,,,
,,,,,,,
,,,,,,,
,,,,,,,
300001779,Yvonne Brown,Female,37,Wales,White Collar,25-08-2020,104416.12
100003235,Blake Simpson,Male,26,England,White Collar,17-11-2020,104366.63
100001706,Simon Burgess,Male,43,England,White Collar,22-08-2020,104169.39
100003481,Penelope Ellison,Female,28,England,White Collar,02-12-2020,104030.29
100002346,Kylie Davidson,Female,29,England,White Collar,28-09-2020,103942.23
100000281,Sam Parsons,Male,37,England,Blue Collar,19-04-2020,103875.81
300003480,Piers Wright,Male,44,Wales,White Collar,01-12-2020,103404.37
100002503,Alexander Welch,Male,28,England,Blue Collar,08-10-2020,102952.98
200001692,Christopher Wilkins,Male,58,Scotland,Blue Collar,21-08-2020,102552.12
200002836,Sam Ferguson,Male,60,,Blue Collar,26-10-2020,102409.29
200001136,Sue Pullman,Female,38,Scotland,Other,09-07-2020,102268.43
100002659,Grace Wallace,Female,45,England,White Collar,17-10-2020,101994.01
100002890,Phil Kerr,Male,31,England,White Collar,29-10-2020,101731.87
100000475,Kevin James,Male,37,England,White Collar,13-05-2020,101697.71
100002801,,Female,30,England,,26-10-2020,101676.32
200002943,Jake Poole,Male,44,Scotland,Blue Collar,31-10-2020,101645.25
100000003,Liam Brown,Male,46,England,White Collar,07-01-2020,101536.83
300003864,Bernadette Hughes,Female,37,Wales,Blue Collar,21-12-2020,101532.72
200003793,Sophie Glover,Female,55,Scotland,Other,17-12-2020,100995.05
300002380,Claire James,Female,39,Wales,White Collar,29-09-2020,100130.71
200001905,Joan Slater,Female,59,,Other,,
100002461,Robert Walker,,34,England,White Collar,04-10-2020,99934.82
100000181,Mary Watson,Female,32,England,White Collar,07-04-2020,99806.54
200001423,,Female,50,Scotland,Other,28-07-2020,99770.73
100003876,Trevor Watson,Male,26,England,Other,23-12-2020,99642.13
200001866,Jason Rees,Male,40,Scotland,Blue Collar,31-08-2020,99604.38
300002189,Abigail Wright,Female,29,Wales,,22-09-2020,99557.72
300002568,Boris Chapman,Male,27,Wales,White Collar,11-10-2020,99502.56
200003341,Blake Morrison,Male,46,Scotland,Blue Collar,24-11-2020,99396.23
300001216,Emily Knox,Female,29,Wales,White Collar,14-07-2020,99271.98
200003289,,Male,50,Scotland,Other,21-11-2020,99255.19
200000301,Joseph Robertson,Male,41,Scotland,Blue Collar,23-04-2020,99190.79
100002935,Felicity Lambert,Female,36,England,White Collar,31-10-2020,98682.44
300000592,Diana Martin,Female,27,Wales,White Collar,19-05-2020,98541.75
100001757,Cameron Arnold,Male,20,England,White Collar,24-08-2020,98261.13
100003454,Felicity James,Female,32,England,White Collar,30-11-2020,98044.81
100002053,Brandon Springer,Male,38,England,White Collar,,98022.86
300001840,Anne Hardacre,Female,34,Wales,White Collar,29-08-2020,97934.55
100003457,Anna Mathis,Female,24,England,White Collar,30-11-2020,97846.35
100002806,Caroline Rampling,Female,37,England,White Collar,26-10-2020,97665.32
200003138,,Male,,,,12-11-2020,
400001671,Bernadette Metcalfe,Female,17,Northern Ireland,Blue Collar,,97610.35
200002027,Heather Smith,Female,52,Scotland,Blue Collar,12-09-2020,97609.31
100000772,Alexander Anderson,Male,32,England,White Collar,01-06-2020,97377.64
300003188,,,47,,,14-11-2020,97201.55
200003401,Angela Butler,Female,47,Scotland,Other,27-11-2020,97165.43
300000411,Edward Dowd,Male,38,Wales,White Collar,07-05-2020,97120.48
100003095,Oliver Campbell,Male,34,England,White Collar,10-11-2020,96893.79
200000909,Melanie Hunter,Female,44,Scotland,Other,18-06-2020,96860.93
100001347,Madeleine Miller,Female,42,England,White Collar,23-07-2020,96844.75
200000610,Ian Walsh,Male,52,Scotland,Blue Collar,20-05-2020,96808.76
100001821,Sonia Henderson,Female,29,England,White Collar,28-08-2020,96673.11
100001853,Jason Lewis,Male,33,England,White Collar,30-08-2020,96422.41
400000780,,Male,31,Northern Ireland,Blue Collar,01-06-2020,96409.06
200002536,Victor Black,Male,54,Scotland,Blue Collar,09-10-2020,96381.84
100001107,Sam Rutherford,Male,33,England,White Collar,07-07-2020,96379.13
200002516,,Male,54,Scotland,Blue Collar,08-10-2020,96359.91
100000286,Ruth Lambert,Female,31,England,Other,21-04-2020,96203.49
100002283,Andrea Burgess,Female,38,,White Collar,25-09-2020,96144.95
100001603,James Underwood,Male,42,England,White Collar,13-08-2020,96088.41
400000690,Bernadette Duncan,Female,42,Northern Ireland,Other,26-05-2020,96028.9
300002031,Piers Piper,Male,22,Wales,White Collar,12-09-2020,96018.25
300001843,Alan Lambert,Male,33,Wales,Other,29-08-2020,95833.44
100002119,Emily Bailey,Female,38,England,White Collar,18-09-2020,95608.2
100000901,Rose Butler,Female,38,England,White Collar,17-06-2020,95477.25
100001894,Jan Lee,Female,34,England,White Collar,03-09-2020,95423
300002188,Mary Murray,Female,28,Wales,Blue Collar,22-09-2020,94793.04
300000374,John Underwood,Male,19,Wales,Blue Collar,05-05-2020,94786.37
200002103,Jacob Watson,Male,46,Scotland,Other,17-09-2020,94781.97
300003657,Emily Miller,Female,38,Wales,Other,10-12-2020,94773.07
300001978,,Male,28,Wales,White Collar,09-09-2020,94767.31
100001554,Dominic Howard,Male,34,England,White Collar,09-08-2020,94732.96
300002520,Amanda Bell,Female,44,Wales,,08-10-2020,94722.42
200002579,Isaac Wright,Male,46,Scotland,Blue Collar,12-10-2020,94688.11
300001589,Liam Jackson,Male,37,Wales,Blue Collar,11-08-2020,94647.65
300003265,Joshua Parsons,Male,29,Wales,White Collar,19-11-2020,94523.22
100003279,Steven North,Male,36,England,Other,21-11-2020,94494.62
100001514,Joanne Davidson,Female,30,England,Blue Collar,05-08-2020,94490.55
100000627,Brian Slater,Male,44,England,White Collar,22-05-2020,94471.86
100001177,Christopher Bell,Male,28,England,,12-07-2020,94339.78
200003953,Alexandra Young,Female,52,Scotland,Other,26-12-2020,94197.01
100003866,Sally Campbell,Female,38,England,Blue Collar,,
100002663,Charles Watson,Male,46,England,White Collar,17-10-2020,94033.87
100002036,Joanne Terry,Female,37,England,Other,13-09-2020,93845.6
400000916,Matt Grant,Male,35,Northern Ireland,White Collar,18-06-2020,93787.01
100003446,Faith Glover,Female,18,England,White Collar,30-11-2020,93603.84
200001202,Jonathan Dowd,Male,52,Scotland,Blue Collar,13-07-2020,
400000721,James Dowd,Male,,Northern Ireland,White Collar,28-05-2020,93525.03
200002294,,Male,41,Scotland,Blue Collar,25-09-2020,93395.64
400000515,Amanda Mackenzie,Female,26,Northern Ireland,White Collar,15-05-2020,93357.28
100000173,Hannah Thomson,Female,26,England,White Collar,06-04-2020,93353.93
100003097,Claire Ball,Female,24,England,White Collar,10-11-2020,93329.94
200003768,Isaac McGrath,Male,56,Scotland,Blue Collar,16-12-2020,93164.29
100003637,Fiona Manning,Female,31,England,White Collar,10-12-2020,92983.44
300003776,Olivia Watson,Female,37,Wales,White Collar,16-12-2020,92953.31
100001369,Zoe Murray,Female,49,England,White Collar,25-07-2020,
200002753,Ian Hunter,Male,64,Scotland,Blue Collar,23-10-2020,92921.99
300003433,Sue Randall,Female,35,Wales,White Collar,28-11-2020,92788.65
100003643,Luke Lawrence,Male,27,England,White Collar,10-12-2020,92610.22
,Adam Gill,Male,50,,,,
100002706,Amanda Nash,Female,24,England,Other,20-10-2020,92201.51
300004001,,Female,34,Wales,White Collar,29-12-2020,92083.79
200002352,Owen Marshall,Male,37,Scotland,Blue Collar,28-09-2020,91884.77
100001983,Alan Gibson,Male,,England,,10-09-2020,91847.1
200002354,Blake Nolan,Male,45,Scotland,Blue Collar,28-09-2020,91759.2
100001145,Evan Hill,Male,32,England,Blue Collar,10-07-2020,91674.56
100002368,,,,,White Collar,29-09-2020,91665.23
300003090,Dorothy Wright,Female,50,Wales,Other,09-11-2020,91569.83
100003734,Joseph Cameron,Male,43,England,White Collar,15-12-2020,91470.56
100003759,Alison Hodges,Female,34,England,Blue Collar,16-12-2020,91324.46
100001237,Matt Springer,Male,39,England,Blue Collar,16-07-2020,91246.45
300001425,Leah Black,Female,28,Wales,White Collar,28-07-2020,91237.59
300001480,Matt Rampling,Male,46,Wales,Blue Collar,01-08-2020,91216.49
300000813,Diane Piper,Female,33,Wales,White Collar,05-06-2020,91205.06
100002871,,,,,,28-10-2020,90913.77
100000200,,,,,,11-04-2020,90868.86
100001688,Ryan Pullman,Male,31,England,White Collar,21-08-2020,90760.82
200000352,Piers Harris,Male,51,Scotland,White Collar,03-05-2020,90573.15
100002608,Steven Underwood,Male,38,England,White Collar,14-10-2020,90250.17
200001390,Christopher Allan,Male,54,Scotland,Blue Collar,26-07-2020,90166.9
100003285,Amelia Paterson,Female,49,England,Other,21-11-2020,90049.91
100001604,Angela Hill,Female,37,England,Other,13-08-2020,89906.69
300003357,Jonathan Payne,Male,36,Wales,Blue Collar,25-11-2020,89727.27
200001570,Trevor Sutherland,Male,38,Scotland,Blue Collar,10-08-2020,89551.4
200003617,Kevin Knox,Male,45,Scotland,White Collar,08-12-2020,89524.95
100001945,David McLean,Male,41,England,Blue Collar,07-09-2020,89366.53
100002572,Dorothy Coleman,Female,32,England,White Collar,12-10-2020,89329.33
300003075,Stephen Watson,Male,27,Wales,White Collar,08-11-2020,89186.6
200001479,Nicholas Black,Male,60,Scotland,Other,01-08-2020,89173.1
100003283,Bernadette Jones,Female,38,England,White Collar,21-11-2020,89126.12
100000145,Steven Ball,Male,37,England,White Collar,04-04-2020,89120.92
100000969,Sophie Parsons,Female,21,England,White Collar,22-06-2020,89067.87
100003805,Mary MacDonald,Female,36,England,Blue Collar,19-12-2020,88957.46
100001279,Wanda Morrison,Female,35,England,Blue Collar,20-07-2020,88873.04
100001017,Ella Hill,Female,33,,,,88647.1
400001845,Katherine Hamilton,Female,45,,,,88579.21
100001469,Warren Walker,Male,39,England,Blue Collar,01-08-2020,88544.22
100001097,Adam Vance,Male,36,England,Other,06-07-2020,88451.81
300000719,Sebastian North,Male,32,Wales,White Collar,28-05-2020,88416.84
200003033,Gavin Blake,Male,45,Scotland,Blue Collar,05-11-2020,88366.08
100001705,Zoe Parr,Female,43,England,Other,22-08-2020,88279.66
100003332,Owen Clark,Male,21,England,White Collar,24-11-2020,88147.69
100002173,Jane Turner,Female,28,England,White Collar,21-09-2020,88090.32
100000545,Julia Ellison,Female,36,England,Blue Collar,18-05-2020,88072.23
100002037,Matt Baker,Male,31,England,White Collar,13-09-2020,88023.96
100001548,Maria Kelly,Female,35,England,Blue Collar,08-08-2020,87960.01
100000927,Victoria Wilson,Female,37,England,White Collar,20-06-2020,87912.9
300001614,Blake Blake,Male,29,Wales,Other,13-08-2020,87844.61
200000263,Gabrielle Marshall,Female,41,Scotland,Other,17-04-2020,87758.52
100002555,Dorothy Payne,,,,,,87684.33
200002444,Christian Graham,Male,47,Scotland,Other,03-10-2020,87669.32
400003847,Donna Lambert,Female,34,Northern Ireland,White Collar,20-12-2020,87664.15
100003359,Amanda MacLeod,Female,22,England,Blue Collar,26-11-2020,87500.9
200003841,Trevor Avery,Male,46,Scotland,Blue Collar,20-12-2020,87484.96
200003492,Isaac Springer,Male,57,Scotland,Other,02-12-2020,87348.99
300001284,Jack Johnston,Male,41,Wales,White Collar,20-07-2020,87285.66
100003555,Amy Lambert,Female,40,England,Other,05-12-2020,87234.69
100000196,Jennifer Slater,Female,32,England,White Collar,10-04-2020,87203.66
200001476,Connor Peake,Male,46,Scotland,Blue Collar,01-08-2020,87192.65
200001375,Leah Quinn,Female,59,Scotland,Other,25-07-2020,87136.45
200003926,Joshua Paige,Male,41,Scotland,Blue Collar,24-12-2020,87116.58
200000712,Gordon Simpson,Male,54,Scotland,Blue Collar,28-05-2020,87050.11
200002666,Joshua Simpson,Male,46,Scotland,Blue Collar,17-10-2020,86983.68
300002074,Fiona Bower,Female,38,Wales,White Collar,15-09-2020,86892.69
100001689,Jan McGrath,Female,,,,,86890.77
100000314,Nicola Clarkson,Female,,,,,86849.17
200001477,Sam Lawrence,Male,44,Scotland,Blue Collar,01-08-2020,86652.4
200001890,Joan North,Female,62,Scotland,Other,02-09-2020,86610.74
100001542,Dorothy White,Female,30,England,Other,08-08-2020,86591.86
300003778,Lillian Russell,Female,45,Wales,Other,16-12-2020,86475.8
100000973,Julia Avery,Female,25,England,Other,23-06-2020,86275.31
100001594,Madeleine Walsh,Female,47,,,,86222.34
200003032,,Male,44,Scotland,Blue Collar,05-11-2020,86184.27
100001564,Samantha Bell,Female,24,England,White Collar,10-08-2020,86123
200002099,Yvonne Terry,Female,47,Scotland,Other,17-09-2020,86073.84
200000609,Leonard Brown,Male,58,Scotland,,,86041.55
100002893,Max Ball,Male,45,England,Other,29-10-2020,85992.59
200000507,Isaac Gill,Male,51,Scotland,Blue Collar,15-05-2020,85973.68
100001191,Oliver Burgess,Male,23,England,White Collar,13-07-2020,85965.79
200003741,James Reid,Male,49,Scotland,Other,15-12-2020,85903.66
200000766,Keith Ross,Male,45,Scotland,Blue Collar,31-05-2020,85726.19
100000972,Liam Forsyth,Male,32,England,White Collar,23-06-2020,85709.46
100003372,Jan MacDonald,Female,42,England,White Collar,27-11-2020,85695.41
100004003,Paul Avery,Male,46,England,White Collar,30-12-2020,85331.69
100002783,,Female,33,,,25-10-2020,85325.26
100003731,Anna McDonald,Female,42,England,White Collar,15-12-2020,85207.93
400002361,Peter Bailey,Male,41,Northern Ireland,White Collar,28-09-2020,85187.91
200000105,Stephen Ross,Male,48,Scotland,White Collar,16-03-2020,85108.08
100001566,Donna Hardacre,Female,40,England,White Collar,10-08-2020,85043.83
300002275,Olivia Newman,Female,36,Wales,White Collar,24-09-2020,
100000403,Ruth Simpson,Female,39,England,White Collar,,84925.13
300000686,Stephen Taylor,Male,34,Wales,Blue Collar,26-05-2020,84898.38
100000817,Melanie Ogden,Female,34,England,White Collar,06-06-2020,84823.05
100003268,Leah Lambert,Female,36,England,White Collar,20-11-2020,84693.18
100001494,Amelia Glover,Female,31,England,White Collar,03-08-2020,84543.25
400001072,Diane Short,Female,39,Northern Ireland,Other,03-07-2020,84480.9
100001366,Adrian Johnston,Male,41,England,Blue Collar,25-07-2020,84302.39
200002778,,Male,43,Scotland,Blue Collar,24-10-2020,84220.99
100002344,Stephanie Gray,Female,22,England,,28-09-2020,84123.93
100003048,Thomas Springer,Male,46,England,White Collar,07-11-2020,84080.85
100001112,Sonia Clarkson,Female,33,England,White Collar,07-07-2020,84064.01
200001137,Amanda Bailey,Female,57,Scotland,White Collar,09-07-2020,83992.09
200003043,Dylan Hardacre,Male,49,Scotland,Other,06-11-2020,83989.67
200001903,Owen Martin,Male,43,Scotland,Blue Collar,03-09-2020,83943.55
200000669,Jake Rutherford,Male,52,Scotland,Blue Collar,25-05-2020,83902.83
300000730,Nicola Howard,Female,33,Wales,White Collar,29-05-2020,83889.98
100002241,Harry Hill,Male,37,England,White Collar,24-09-2020,83804.88
200003971,Jacob Henderson,Male,52,Scotland,Blue Collar,27-12-2020,83783.18
300000667,Richard Watson,Male,35,Wales,White Collar,24-05-2020,83727.16
100003990,Rachel Johnston,Female,41,England,White Collar,29-12-2020,83616.58
200002514,Warren Rutherford,Male,62,Scotland,Blue Collar,08-10-2020,83595.79
400002153,Gordon Abraham,Male,30,Northern Ireland,Other,19-09-2020,83549.66
100003785,Una Newman,,26,England,White Collar,17-12-2020,83372.36
300000466,Amy Davies,Female,39,Wales,White Collar,12-05-2020,83260.18
100002611,Jason Ferguson,Male,38,England,Blue Collar,14-10-2020,83131.72
100000743,Jan Underwood,Female,47,England,Other,30-05-2020,83088.67
200001827,Luke Harris,Male,47,Scotland,Blue Collar,28-08-2020,83071.96
100001541,Simon Chapman,Male,30,England,Other,08-08-2020,83041.14
200001129,Ian Lambert,Male,44,Scotland,White Collar,08-07-2020,82950.04
100003592,Carol Manning,Female,41,England,White Collar,07-12-2020,82862.85
100001784,Oliver Russell,Male,28,England,White Collar,26-08-2020,82862.73
100003304,Harry Watson,Male,28,England,Other,22-11-2020,82847.05
100000998,Michael Allan,Male,36,England,Other,26-06-2020,82776.89
200000863,Theresa Quinn,Female,42,Scotland,Other,13-06-2020,82725.38
100003224,Rachel Welch,Female,35,England,Other,17-11-2020,82688.19
100001860,Nicholas Nash,Male,40,England,White Collar,31-08-2020,82664.04
100002050,Elizabeth Hart,Female,28,England,White Collar,14-09-2020,82638.51
400003370,Jessica Lyman,Female,20,Northern Ireland,Other,26-11-2020,82598.94
100003586,Molly Brown,Female,31,England,White Collar,07-12-2020,82376.44
100000577,Yvonne Randall,Female,43,England,Other,19-05-2020,82248.75
400000113,Tim Hardacre,Male,29,Northern Ireland,White Collar,16-03-2020,82229.52
400001781,Irene Chapman,Female,23,Northern Ireland,Other,25-08-2020,82229.1
200000711,Kylie Skinner,Female,53,Scotland,Other,28-05-2020,82160.5
100003012,Deirdre Edmunds,Female,32,England,White Collar,04-11-2020,82104.77
200002687,Lucas Lyman,Male,50,Scotland,Blue Collar,18-10-2020,82077.52
200002289,Stewart Cornish,Male,42,Scotland,Blue Collar,25-09-2020,82055.21
200003649,Lillian Vaughan,Female,53,Scotland,Other,10-12-2020,81863.36
100002950,Alan Avery,Male,33,England,White Collar,01-11-2020,81827.13
100003421,David Clarkson,Male,25,England,Other,28-11-2020,81820.9
100001428,Julia Coleman,Female,38,England,White Collar,29-07-2020,81724.65
100001962,Justin Paige,Male,48,England,White Collar,08-09-2020,81684.68
200003567,Evan Mills,Male,48,Scotland,White Collar,05-12-2020,81531.27
400000756,Joanne May,Female,37,Northern Ireland,Other,30-05-2020,81504.12
100003946,Steven Hodges,Male,43,England,Other,26-12-2020,81498.88
100002477,Trevor Wilson,Male,26,England,White Collar,06-10-2020,81489.43
200002901,Paul Bailey,Male,57,Scotland,Blue Collar,29-10-2020,81414.37
100003751,Heather Vaughan,Female,37,England,White Collar,16-12-2020,81383.21
100002300,Phil Jones,Male,34,England,White Collar,26-09-2020,81376.19
100002623,Anne Arnold,Female,45,England,White Collar,15-10-2020,81370.16
100002620,Rachel Blake,Female,31,England,Other,15-10-2020,81245.5
100001083,Katherine Gill,Female,41,England,White Collar,05-07-2020,81089.55
100000995,Felicity Anderson,Female,29,England,Other,26-06-2020,81080.08
200002395,Alexander Hudson,Male,45,Scotland,Other,30-09-2020,81068.1
100002304,Maria Newman,Female,51,England,White Collar,26-09-2020,80925.56
300001874,Jason Mathis,Male,42,Wales,White Collar,31-08-2020,80922.09
100000990,Andrew Manning,Male,43,England,Blue Collar,25-06-2020,80880.83
100000489,Kevin Wright,Male,41,England,White Collar,14-05-2020,80877.94
200003560,Yvonne Davidson,Female,42,Scotland,Other,05-12-2020,80857.57
100001999,Ian Graham,Male,26,England,White Collar,11-09-2020,80850.12
300002298,Phil Arnold,Male,37,Wales,Blue Collar,25-09-2020,80824.89
300000539,Julia Allan,Female,23,Wales,Blue Collar,17-05-2020,80752.64
100000957,Frank Knox,Male,38,England,Other,21-06-2020,80709.15
100001660,Boris Harris,Male,40,England,White Collar,18-08-2020,80678.36
100003854,Wanda Howard,Female,22,England,White Collar,21-12-2020,80667.65
200001586,Vanessa Allan,Female,54,Scotland,Other,11-08-2020,80616.31
100000184,Peter McGrath,Male,33,England,Other,07-04-2020,80564.87
300002315,Rachel Morgan,Female,35,Wales,Blue Collar,26-09-2020,80558.45
100001547,Dorothy Churchill,Female,38,England,Other,08-08-2020,80338.65
100001152,Sean Ross,Male,41,England,White Collar,11-07-2020,80234.49
200001737,Julian Ferguson,Male,43,Scotland,Blue Collar,23-08-2020,80189.9
200001332,Jake Abraham,Male,49,Scotland,Blue Collar,22-07-2020,79844.5
100000571,Connor Harris,Male,31,England,White Collar,19-05-2020,79744.7
100002849,Anna Peters,Female,51,England,White Collar,27-10-2020,79715.05
200003214,Edward Vaughan,Male,58,Scotland,Blue Collar,16-11-2020,79655.37
100000643,Alison Parsons,Female,32,England,Other,23-05-2020,79617.5
100001365,Kevin Scott,Male,32,England,White Collar,25-07-2020,79604.57
100000205,Anna Lee,Female,25,England,Blue Collar,12-04-2020,79603.36
200003607,Molly Cameron,Female,46,Scotland,Other,07-12-2020,79599.33
200000257,Justin Underwood,Male,36,Scotland,Blue Collar,17-04-2020,79483.58
100000871,Joshua Kelly,Male,40,England,White Collar,14-06-2020,79434.98
100001028,Christopher Sutherland,Male,46,England,White Collar,29-06-2020,79398.91
100002425,Colin Lyman,Male,31,England,Blue Collar,02-10-2020,79314.11
100002086,Jane Mathis,Female,32,England,White Collar,16-09-2020,79292.15
100001458,Abigail Powell,Female,30,England,White Collar,31-07-2020,79094.42
100001484,Eric Poole,Male,41,England,White Collar,02-08-2020,79036.3
100000695,Penelope Forsyth,Female,45,England,White Collar,27-05-2020,79000.32
200003543,Christian Pullman,Male,50,Scotland,Other,04-12-2020,78992.92
300001844,Keith Turner,Male,35,Wales,Other,29-08-2020,78755.01
100001076,Edward Gill,Male,32,England,Blue Collar,04-07-2020,78712.11
300001953,Vanessa Springer,Female,43,Wales,White Collar,07-09-2020,78469.73
100002192,Warren Alsop,Male,28,England,Other,23-09-2020,78383.54
300002856,Dorothy Hemmings,Female,40,Wales,White Collar,27-10-2020,78371.64
100001721,Paul Knox,Male,34,England,Blue Collar,23-08-2020,78342.04
300003008,Andrew Ogden,Male,43,Wales,Other,03-11-2020,78323.16
200003676,Christopher Mitchell,Male,57,Scotland,Blue Collar,12-12-2020,78221.89
100002957,Jennifer Knox,Female,47,England,White Collar,01-11-2020,78150.39
100002363,Heather Sutherland,Female,30,England,White Collar,29-09-2020,78128.45
100001883,Adrian Thomson,Male,25,England,White Collar,01-09-2020,78020.29
100000848,Tim Hamilton,Male,27,England,White Collar,11-06-2020,78010.57
300002654,Victoria Poole,Female,35,Wales,White Collar,16-10-2020,78006.49
400000769,Jason Walker,Male,24,Northern Ireland,White Collar,31-05-2020,78004.29
300000953,Paul Robertson,Male,41,Wales,Blue Collar,20-06-2020,77995.62
100000436,Bella Hemmings,Female,24,England,Other,10-05-2020,77908.67
100003685,Brian Abraham,Male,27,England,White Collar,13-12-2020,77898.09
300000993,Gordon Grant,Male,33,Wales,Blue Collar,25-06-2020,77870.46
100002741,Hannah James,Female,38,England,Other,22-10-2020,77856.76
100000035,Karen Dyer,Female,34,England,Blue Collar,31-01-2020,77809.59
100001920,Keith Churchill,Male,39,England,Blue Collar,05-09-2020,77764.13
100001363,Gordon Young,Male,38,England,White Collar,25-07-2020,77710.39
300003409,Dan Vaughan,Male,18,Wales,Blue Collar,27-11-2020,77682
100003444,Colin Cornish,Male,25,England,White Collar,30-11-2020,77624.38
100003302,Jessica Quinn,Female,36,England,White Collar,22-11-2020,77553.79
100001098,Chloe Martin,Female,24,England,Blue Collar,06-07-2020,77514.08
200003464,Megan Peters,Female,58,Scotland,Other,30-11-2020,77504.67
100003023,Jonathan Oliver,Male,37,England,White Collar,05-11-2020,77501.35
100003673,Natalie Forsyth,Female,34,England,White Collar,12-12-2020,77383.45
200001100,Alan North,Male,48,Scotland,Other,06-07-2020,77332.09
100002954,Angela Cameron,Female,42,England,Blue Collar,01-11-2020,77228.1
300001641,Jonathan Langdon,Male,28,Wales,White Collar,16-08-2020,77211.46
100003288,Leonard Roberts,Male,37,England,White Collar,21-11-2020,77155.23
200002313,Christopher Ferguson,Male,45,Scotland,Other,26-09-2020,77140.53
200002206,Kylie Dowd,Female,55,Scotland,Other,23-09-2020,77113.36
400002360,Molly Mackenzie,Female,35,Northern Ireland,Other,28-09-2020,77091.37
400001022,Jason Bower,Male,38,Northern Ireland,White Collar,28-06-2020,76999.31
200001826,Simon Pullman,Male,62,Scotland,Other,28-08-2020,76842.9
200003999,Robert Johnston,Male,50,Scotland,Other,29-12-2020,76764.62
100001972,Amelia Quinn,Female,39,England,White Collar,09-09-2020,76736.41
200001611,Sonia Taylor,Female,26,Scotland,Blue Collar,13-08-2020,76714.19
300003826,Amy Wallace,Female,33,Wales,White Collar,19-12-2020,76628.68
400001981,Wendy Watson,Female,39,Northern Ireland,White Collar,09-09-2020,76608.6
200002515,Christian Miller,Male,46,Scotland,Other,08-10-2020,76601.08
200001764,Dylan Paige,Male,57,Scotland,Blue Collar,24-08-2020,76554.32
100002167,Stewart Walker,Male,29,England,White Collar,21-09-2020,76517.85
100000708,Jan Roberts,Female,32,England,White Collar,28-05-2020,76517.17
100003271,Christopher Hunter,Male,32,England,Blue Collar,20-11-2020,76492.8
100002590,Ian Quinn,Male,35,England,White Collar,13-10-2020,76480.41
100002721,Yvonne Glover,Female,33,England,White Collar,21-10-2020,76455.17
200002207,William Forsyth,Male,54,Scotland,Blue Collar,23-09-2020,76439.52
100003896,Ludwig Ross,Male,31,England,White Collar,23-12-2020,76429.81
100000563,Joanne Mackenzie,Female,52,England,Blue Collar,19-05-2020,76378.23
200003118,Isaac Newman,Male,58,Scotland,Blue Collar,11-11-2020,76328.95
100002440,Bella Bower,Female,28,England,White Collar,03-10-2020,76304.75
100001132,Matt Newman,Male,33,England,White Collar,09-07-2020,76301.47
200003907,Evan Welch,Male,56,Scotland,Other,23-12-2020,76278.37
100001189,Madeleine Ross,Female,32,England,Other,13-07-2020,76207.19
100000877,Megan Reid,Female,34,England,White Collar,14-06-2020,76181.33
100000680,Ruth Short,Female,40,England,Blue Collar,26-05-2020,76093.12
200000447,Neil Coleman,Male,33,Scotland,Blue Collar,11-05-2020,76071.15
100001882,Jonathan Rampling,Male,19,England,White Collar,01-09-2020,75913.85
100001014,Jacob Hemmings,Male,41,England,White Collar,28-06-2020,75878.51
200001935,Sebastian Johnston,Male,52,Scotland,Other,06-09-2020,75743.08
100002768,Matt Turner,Male,48,England,Other,24-10-2020,75739.94
200003103,Keith Alsop,Male,61,Scotland,Blue Collar,10-11-2020,75638.28
200002308,Adam Dowd,Male,49,Scotland,Blue Collar,26-09-2020,75620.5
100000091,Blake Reid,Male,35,England,White Collar,16-03-2020,75613.68
100002705,Natalie Reid,Female,34,England,Blue Collar,20-10-2020,75592.09
200002124,Michael Alsop,Male,43,Scotland,Other,18-09-2020,75563.64
400002108,Ava Wilson,Female,29,Northern Ireland,Other,17-09-2020,75395.32
100003376,Simon Turner,Male,25,England,Other,27-11-2020,75357.92
100001773,Andrea Carr,Female,47,England,White Collar,25-08-2020,75332.4
200000976,Wanda Clark,Female,61,Scotland,Other,23-06-2020,75200.68
100002962,Carol Glover,Female,34,England,White Collar,01-11-2020,74987.04
100000997,Grace Edmunds,Female,44,England,White Collar,26-06-2020,74948.24
300001599,Adrian Blake,Male,29,Wales,White Collar,12-08-2020,74898.55
100002482,Yvonne Poole,Female,20,England,White Collar,06-10-2020,74880.21
100000707,David Graham,Male,29,England,White Collar,28-05-2020,74862.98
300002106,Rebecca McLean,Female,25,Wales,White Collar,17-09-2020,74812.05
200003609,Connor Parr,Male,39,Scotland,Other,07-12-2020,74775.98
200001438,Isaac Kelly,Male,60,Scotland,White Collar,29-07-2020,74666.21
100000605,Jasmine Wilkins,Female,45,England,White Collar,20-05-2020,74637.96
100003287,Heather Burgess,Female,32,England,White Collar,21-11-2020,74633.22
100003914,Christian Marshall,Male,37,England,White Collar,24-12-2020,74633.01
100000252,Nicholas Lyman,Male,30,England,White Collar,17-04-2020,74588.31
300001699,Faith Young,Female,33,Wales,Other,21-08-2020,74578.98
200003069,Tim James,Male,52,Scotland,White Collar,08-11-2020,74560.83
200002600,Ian Hodges,Male,55,Scotland,Other,13-10-2020,74534.05
100000781,Sonia Welch,Female,32,England,Other,02-06-2020,74530.06
300002163,Diana Bailey,Female,43,Wales,White Collar,20-09-2020,74452.61
100000981,Victoria Ince,Female,31,England,Other,24-06-2020,74414.09
300000494,Jonathan White,Male,41,Wales,White Collar,14-05-2020,74390.3
400002279,Victoria Slater,Female,29,Northern Ireland,Other,24-09-2020,74348.45
300000009,Ruth Campbell,Female,33,Wales,White Collar,11-01-2020,74284.35
100003026,Amanda Edmunds,Female,25,England,White Collar,05-11-2020,74258.42
100002079,Sophie Buckland,Female,39,England,White Collar,16-09-2020,74240.48
100001879,Karen Lawrence,Female,37,England,Blue Collar,01-09-2020,74238.83
200000697,Paul Wright,Male,45,Scotland,Other,27-05-2020,74230.68
200000481,Joan Gray,Female,48,Scotland,Blue Collar,13-05-2020,74211.7
200000975,Anthony Mackenzie,Male,43,Scotland,Blue Collar,23-06-2020,74155.05
200001406,Anne Wallace,Female,49,Scotland,Other,27-07-2020,74079.13
100001686,Edward Watson,Male,36,England,Other,21-08-2020,74026.52
100000207,Blake Berry,Male,41,England,White Collar,12-04-2020,73998.37
100002199,Leah Sutherland,Female,31,England,Other,23-09-2020,73990.81
100002662,Harry Hart,Male,25,England,Other,17-10-2020,73869.26
200001161,Lillian Hudson,Female,49,Scotland,Other,11-07-2020,73866.02
100000919,Natalie Duncan,Female,28,England,White Collar,19-06-2020,73859.27
100002886,Caroline Taylor,Female,30,England,White Collar,29-10-2020,73833.28
100002385,Jake Bell,Male,28,England,White Collar,30-09-2020,73793.66
100003159,Mary Hemmings,Female,27,England,White Collar,14-11-2020,73722.88
100002345,John Terry,Male,45,England,White Collar,28-09-2020,73668.49
100003057,Faith Turner,Female,43,England,Other,08-11-2020,73601.8
300000530,Chloe Hill,Female,36,Wales,White Collar,16-05-2020,73513.79
200004009,Alison Quinn,Female,64,Scotland,Other,30-12-2020,73503.9
100000922,Sally Glover,Female,30,England,White Collar,19-06-2020,73490.09
200000109,Joe Forsyth,Male,63,Scotland,Other,16-03-2020,73461.71
200001811,Dan Rutherford,Male,53,Scotland,Other,27-08-2020,73457.73
100002639,Lauren Paige,Female,22,England,White Collar,16-10-2020,73415.97
200001201,Colin Simpson,Male,48,Scotland,Other,13-07-2020,73399.17
200003530,Dylan Clark,Male,27,Scotland,Blue Collar,03-12-2020,73359.1
100000569,Gabrielle Skinner,Female,39,England,White Collar,19-05-2020,73357.86
200002072,Wendy Payne,Female,48,Scotland,Other,15-09-2020,73328.32
100003601,Gavin May,Male,33,England,White Collar,07-12-2020,73297.04
200001052,Evan Davidson,Male,48,Scotland,Blue Collar,01-07-2020,73268.73
100002645,Anne Bell,Female,39,England,White Collar,16-10-2020,73238.04
100000544,Ian Ince,Male,29,England,White Collar,18-05-2020,73217.9
100003571,Irene Ross,Female,40,England,Other,06-12-2020,73177.7
100001997,Ruth Marshall,Female,42,England,White Collar,11-09-2020,73121.32
100001729,Gabrielle Bower,Female,30,England,Other,23-08-2020,72874.91
300001652,Adam Forsyth,Male,39,Wales,Other,17-08-2020,72866.17
400000442,Dorothy Duncan,Female,33,Northern Ireland,Other,10-05-2020,72810.9
100000572,David Stewart,Male,51,England,White Collar,19-05-2020,72742.52
100003595,Caroline Bell,Female,36,England,Blue Collar,07-12-2020,72728.32
100003502,Faith Carr,Female,49,England,White Collar,03-12-2020,72613.54
100003667,Diane Slater,Female,42,England,White Collar,12-12-2020,72596.02
200000485,Alan Murray,Male,54,Scotland,White Collar,13-05-2020,72492.49
100003873,Victor Stewart,Male,38,England,White Collar,23-12-2020,72352.01
300001262,Gabrielle Wright,Female,29,Wales,White Collar,18-07-2020,72266.38
300001285,Grace Lyman,Female,32,Wales,White Collar,20-07-2020,72238.95
100003438,Angela Johnston,Female,32,England,White Collar,29-11-2020,72066.5
100003961,Leonard Grant,Male,48,England,Other,27-12-2020,72061.71
100003669,Pippa Newman,Female,36,England,White Collar,12-12-2020,72042.13
100002080,Chloe Thomson,Female,40,England,White Collar,16-09-2020,72020.25
100001300,Thomas Morrison,Male,35,England,Other,22-07-2020,71961.78
200003439,Phil Mathis,Male,54,Scotland,Other,29-11-2020,71935.8
100002781,Audrey Skinner,Female,40,England,White Collar,25-10-2020,71908.74
200003701,Donna Powell,Female,53,Scotland,Other,13-12-2020,71809.45
100003017,Michael Pullman,Male,30,England,Other,05-11-2020,71799.26
200001870,Carl Young,Male,55,Scotland,Blue Collar,31-08-2020,71796.68
200000490,Abigail Fisher,Female,58,Scotland,Other,14-05-2020,71689.7
100002971,Claire Paige,Female,25,England,Other,01-11-2020,71683.32
100000326,Felicity North,Female,42,England,White Collar,28-04-2020,71637.04
100000278,Irene Vaughan,Female,30,England,Blue Collar,19-04-2020,71596.18
300001520,Bernadette McGrath,Female,47,Wales,Other,05-08-2020,71574.75
100000088,Jasmine Piper,Female,24,England,White Collar,16-03-2020,71571.52
200000673,Cameron Dyer,Male,53,Scotland,Other,25-05-2020,71478.63
100000907,Edward Chapman,Male,47,England,White Collar,18-06-2020,71446.54
100003232,Anne Parr,Female,29,England,White Collar,17-11-2020,71423.01
100003391,Owen Cornish,Male,42,England,Blue Collar,27-11-2020,71409.74
100000169,Blake Mills,Male,39,England,Blue Collar,06-04-2020,71396.66
100002323,Charles Glover,Male,40,England,Blue Collar,27-09-2020,71368.77
100003093,Jake Sanderson,Male,34,England,White Collar,10-11-2020,71362.71
300003414,Sue Wallace,Female,33,Wales,White Collar,27-11-2020,71331.75
100001615,Emma Black,Female,32,England,Other,14-08-2020,71324.35
100003488,Molly MacLeod,Female,44,England,Other,02-12-2020,71313.5
200003463,Luke Black,Male,49,Scotland,Other,30-11-2020,71307.31
200002309,Caroline Carr,Female,45,Scotland,Other,26-09-2020,71299.84
200003294,Brandon Lee,Male,55,Scotland,Blue Collar,21-11-2020,71276.7
100001093,Robert Rampling,Male,31,England,White Collar,06-07-2020,71267.85
100003818,Joan Glover,Female,46,England,Other,19-12-2020,71257.04
200003624,Harry Mathis,Male,48,Scotland,White Collar,09-12-2020,71225.87
100003594,Joshua Dyer,Male,42,England,White Collar,07-12-2020,71219.4
100001899,Lisa Kerr,Female,24,England,White Collar,03-09-2020,71148.77
200001499,Cameron Ellison,Male,64,Scotland,Blue Collar,03-08-2020,71106.33
100002348,Benjamin Payne,Male,41,England,White Collar,28-09-2020,71079.13
300002012,Jennifer Allan,Female,19,Wales,Blue Collar,11-09-2020,71036.74
100000827,Amy Buckland,Female,31,England,White Collar,07-06-2020,71026.81
200000347,Jake Manning,Male,56,Scotland,Other,02-05-2020,70950.09
200000646,Liam Rutherford,Male,50,Scotland,Blue Collar,23-05-2020,70840.07
100002736,Kevin Hemmings,Male,34,England,White Collar,22-10-2020,70803.13
300000111,Sonia Robertson,Female,25,Wales,Other,16-03-2020,70799.64
100003453,Chloe Davies,Female,36,England,Other,30-11-2020,70684.35
200003044,Benjamin Jones,Male,43,Scotland,Other,06-11-2020,70629.05
200001478,Benjamin Parsons,Male,46,Scotland,Blue Collar,01-08-2020,70621.1
100000337,Tracey Langdon,Female,22,England,White Collar,29-04-2020,70526.58
200002126,Simon Kelly,Male,45,Scotland,Blue Collar,18-09-2020,70491.38
100002966,Bernadette Hardacre,Female,41,England,Other,01-11-2020,70452.02
100000519,Alexander Duncan,Male,19,England,White Collar,16-05-2020,70407.91
100000282,Theresa Marshall,Female,29,England,White Collar,20-04-2020,70403.65
100000290,Joe May,Male,40,England,White Collar,22-04-2020,70357.61
100000177,Thomas Bailey,Male,35,England,White Collar,06-04-2020,70349.32
100000890,Piers Peake,Male,26,England,Blue Collar,16-06-2020,70346.54
100001173,Ava Rampling,Female,32,England,White Collar,12-07-2020,70324.5
100001948,Liam Hughes,Male,31,England,White Collar,07-09-2020,70156.16
100002049,Anne Newman,Female,31,England,White Collar,14-09-2020,70153.14
300000845,Christopher Ogden,Male,45,Wales,Blue Collar,10-06-2020,70114.57
100002038,Alan Butler,Male,29,England,Other,13-09-2020,70086.82
200000071,Dan Mills,Male,49,Scotland,Blue Collar,12-02-2020,70041.44
100001367,Dominic Greene,Male,33,England,Blue Collar,25-07-2020,70028.94
100000875,Jason MacLeod,Male,47,England,White Collar,14-06-2020,69979.67
200002441,Justin Knox,Male,26,Scotland,Blue Collar,03-10-2020,69903.96
200001670,Gordon Vance,Male,45,Scotland,Other,19-08-2020,69809.23
100003755,Carol Henderson,Female,45,England,White Collar,16-12-2020,69805.45
200001061,Joshua Kerr,Male,49,Scotland,Other,02-07-2020,69791.57
200003005,Alan Lyman,Male,39,Scotland,White Collar,03-11-2020,69713.05
300002760,Lily Campbell,Female,39,Wales,Other,23-10-2020,69569.29
200002355,Molly Buckland,Female,38,Scotland,Other,28-09-2020,69556.06
300000787,Neil Sanderson,Male,38,Wales,Blue Collar,02-06-2020,69471.06
100003765,Alberto Mathis,Male,33,England,White Collar,16-12-2020,69416.18
200001389,Isaac Lee,Male,55,Scotland,Blue Collar,26-07-2020,69349.56
300001858,Charles Vaughan,Male,57,Wales,Other,30-08-2020,69281.64
100001471,Olivia Graham,Female,29,England,White Collar,01-08-2020,69174.72
300001856,Virginia Lambert,Female,30,Wales,White Collar,30-08-2020,69152.93
100002749,Sean Paterson,Male,28,England,White Collar,23-10-2020,69126.18
200003645,Adrian Forsyth,Male,52,Scotland,Blue Collar,10-12-2020,69036.02
200001214,Carolyn McDonald,Female,58,Scotland,Other,14-07-2020,69027.62
200001574,Leonard Kerr,Male,56,Scotland,Other,10-08-2020,69022.66
100001368,Benjamin Greene,Male,19,England,White Collar,25-07-2020,68980.3
200003086,Jason Mitchell,Male,42,Scotland,Blue Collar,09-11-2020,68973.86
200003003,Lucas Terry,Male,54,Scotland,Blue Collar,03-11-2020,68965.07
300001264,Michael Scott,Male,30,Wales,Blue Collar,18-07-2020,68927.97
200002142,Boris Short,Male,46,Scotland,Blue Collar,19-09-2020,68884.38
200001911,Carolyn Ogden,Female,55,Scotland,Other,04-09-2020,68864.13
100000807,Gordon May,Male,39,England,White Collar,05-06-2020,68856.42
300003262,Sue Lyman,Female,28,Wales,White Collar,19-11-2020,68809.02
100003834,Maria Hill,Female,28,England,Other,20-12-2020,68799.11
100001565,Gabrielle Miller,Female,39,England,White Collar,10-08-2020,68694.44
300003264,Jasmine Ross,Female,39,Wales,Other,19-11-2020,68659.24
200001937,Ian Hemmings,Male,34,Scotland,Other,06-09-2020,68600.9
100003329,Jan Alsop,Female,32,England,White Collar,24-11-2020,68573.19
300003471,Wendy Martin,Female,20,Wales,White Collar,30-11-2020,68569.21
200000992,Paul Taylor,Male,43,Scotland,Blue Collar,25-06-2020,68551.15
200003243,Rachel Black,Female,46,Scotland,Blue Collar,17-11-2020,68527.61
100004004,Jane Hemmings,Female,28,England,Blue Collar,30-12-2020,68518.55
100003807,Boris Hamilton,Male,23,England,White Collar,19-12-2020,68508.87
100002118,Dominic Chapman,Male,34,England,Other,18-09-2020,68498.24
200002349,Christian Mackenzie,Male,59,Scotland,Blue Collar,28-09-2020,68406.24
100002622,Alison Jones,Female,29,England,Other,15-10-2020,68344.02
100001461,Alexander Clarkson,Male,30,England,White Collar,31-07-2020,68336.84
100002723,Jacob Sharp,Male,33,England,Other,21-10-2020,68310.37
100002325,Lily Sutherland,Female,45,England,Other,27-09-2020,68291.36
200000361,Charles Tucker,Male,45,Scotland,Blue Collar,04-05-2020,68256.88
200000622,Christopher Randall,Male,49,Scotland,White Collar,21-05-2020,68252.3
100002085,Joshua Randall,Male,41,England,Other,16-09-2020,68193.25
300001151,Caroline Payne,Female,44,Wales,White Collar,10-07-2020,68185.66
300001872,Alexander Dyer,Male,23,Wales,Blue Collar,31-08-2020,68184.25
300002162,Audrey Peake,Female,35,Wales,White Collar,20-09-2020,68176.38
100001174,Caroline Terry,Female,33,England,White Collar,12-07-2020,68170.2
100001289,Peter Hamilton,Male,43,England,White Collar,21-07-2020,68113.06
100002870,Virginia Clarkson,Female,32,England,White Collar,28-10-2020,68085.45
100001126,Heather Ball,Female,49,England,White Collar,08-07-2020,68026.14
200001900,Piers Thomson,Male,50,Scotland,Other,03-09-2020,67946.54
200003766,Olivia Mackay,Female,60,Scotland,Other,16-12-2020,67913.86
100003266,Edward Blake,Male,34,England,Other,20-11-2020,67894.27
200003459,Diana Nash,Female,55,Scotland,White Collar,30-11-2020,67876.94
100002458,Wanda Wallace,Female,38,England,White Collar,04-10-2020,67842.28
100000321,Adam Sharp,Male,43,England,Blue Collar,27-04-2020,67809.29
200003662,Mary Young,Female,50,Scotland,Other,11-12-2020,67803.35
200001147,Thomas Brown,Male,50,Scotland,Blue Collar,10-07-2020,67763.97
200000118,Adam McGrath,Male,52,Scotland,Other,28-03-2020,67682.92
200002872,Penelope Wilson,Female,38,Scotland,Other,28-10-2020,67598.37
200000424,Keith Ogden,Male,53,Scotland,Blue Collar,09-05-2020,67540.82
200000164,Claire Walsh,Female,59,Scotland,Other,05-04-2020,67524.87
200002292,Gordon Wright,Male,53,Scotland,Other,25-09-2020,67521.26
200001019,Lucas Glover,Male,60,Scotland,Blue Collar,28-06-2020,67510.19
100000096,Joshua Slater,Male,28,England,White Collar,16-03-2020,67479.01
100000383,Jasmine Oliver,Female,32,England,White Collar,06-05-2020,67428.15
100001357,Jack Ellison,Male,40,England,White Collar,24-07-2020,67327.11
300000268,James Oliver,Male,28,Wales,Blue Collar,17-04-2020,67180.28
200000856,William McLean,Male,41,Scotland,Blue Collar,12-06-2020,67100.09
100003965,Emily Brown,Female,46,England,White Collar,27-12-2020,67009.53
100003348,Nathan Roberts,Male,40,England,White Collar,25-11-2020,66914.25
200001562,Luke Wright,Male,58,Scotland,Other,09-08-2020,66875.08
400002212,Lily Rees,Female,24,Northern Ireland,Other,23-09-2020,66857.45
100000446,Christian Abraham,Male,37,England,White Collar,11-05-2020,66791.82
300000023,Deirdre McDonald,Female,41,Wales,White Collar,18-01-2020,66785.78
200002944,Stewart Hudson,Male,55,Scotland,Blue Collar,31-10-2020,66721.34
200000924,Gabrielle Blake,Female,60,Scotland,Other,19-06-2020,66713
200002945,Dominic Roberts,Male,55,Scotland,Other,31-10-2020,66668.78
400000474,Harry Peake,Male,33,Northern Ireland,White Collar,12-05-2020,66642.91
100000568,Oliver Hudson,Male,35,England,White Collar,19-05-2020,66567.28
200000682,Oliver Paterson,Male,37,Scotland,Other,26-05-2020,66522.71
100003754,William Dowd,Male,36,England,White Collar,16-12-2020,66519.95
100002469,Frank Powell,Male,22,England,White Collar,05-10-2020,66480.85
100003736,Piers Scott,Male,33,England,White Collar,15-12-2020,66452.64
300002655,Bernadette Chapman,Female,37,Wales,White Collar,16-10-2020,66400.88
200000897,Boris Nash,Male,49,Scotland,Blue Collar,16-06-2020,66375.91
200000660,Keith Parr,Male,53,Scotland,Blue Collar,24-05-2020,66329.8
200003902,Sally Springer,Female,56,Scotland,Other,23-12-2020,66211.28
100001110,Jack Scott,Male,35,England,White Collar,07-07-2020,66122.89
100001556,Anna Rampling,Female,25,England,White Collar,09-08-2020,66105.55
300001263,Frank Martin,Male,37,Wales,White Collar,18-07-2020,66105.06
100003151,Felicity Buckland,Female,38,England,White Collar,13-11-2020,66093.41
100002772,Austin Nash,Male,38,England,Other,24-10-2020,66085.83
100002095,Audrey Sanderson,Female,36,England,White Collar,17-09-2020,66084.12
100001716,Boris Turner,Male,23,England,White Collar,23-08-2020,66040.46
200001099,Anthony Vance,Male,48,Scotland,White Collar,06-07-2020,66005.41
400001752,Vanessa Terry,Female,26,Northern Ireland,Blue Collar,23-08-2020,65999.04
100002098,James Slater,Male,28,England,White Collar,17-09-2020,65994.32
100002934,Paul Reid,Male,36,England,Blue Collar,31-10-2020,65949.77
100000313,Jessica Piper,Female,40,England,White Collar,26-04-2020,65947.69
100000561,Lillian Metcalfe,Female,30,England,White Collar,19-05-2020,65904.54
400000359,Gabrielle MacDonald,Female,17,Northern Ireland,Other,03-05-2020,65798.4
300001336,Dan Poole,Male,47,Wales,White Collar,22-07-2020,65701.28
200000670,Richard Carr,Male,42,Scotland,Blue Collar,25-05-2020,65655.36
300002582,Sonia Piper,Female,23,Wales,White Collar,12-10-2020,65640.07
200001664,Edward Young,Male,33,Scotland,Other,18-08-2020,65608.68
100001495,Connor Russell,Male,36,England,White Collar,03-08-2020,65592.55
100002067,Benjamin Davidson,Male,44,England,White Collar,15-09-2020,65544.92
200003583,Richard Bond,Male,48,Scotland,Other,06-12-2020,65535.05
100000019,William Ince,Male,40,England,Blue Collar,15-01-2020,65534.69
200000939,Alan Dyer,Male,42,Scotland,Other,20-06-2020,65530.32
300000427,Dominic Welch,Male,24,Wales,White Collar,09-05-2020,65526.26
200003181,Warren Parsons,Male,58,Scotland,Blue Collar,14-11-2020,65497.14
100000980,William Hart,Male,19,England,White Collar,24-06-2020,65493.89
200002602,Julian Martin,Male,44,Scotland,Blue Collar,13-10-2020,65479.32
200002312,Jason Quinn,Male,53,Scotland,Blue Collar,26-09-2020,65464.91
200001710,Warren Terry,Male,50,Scotland,White Collar,22-08-2020,65433.7
300000786,Bernadette Jackson,Female,36,Wales,Blue Collar,02-06-2020,65364.64
200003620,Stewart Sharp,Male,44,Scotland,Blue Collar,08-12-2020,65358.53
100003237,Julian Powell,Male,26,England,White Collar,17-11-2020,65283.32
200002839,Oliver Hughes,Male,50,Scotland,Blue Collar,26-10-2020,65277.36
100000832,David Turner,Male,36,England,White Collar,08-06-2020,65227.05
100002136,Lisa Dickens,Female,29,England,White Collar,19-09-2020,65213.98
300000365,Dorothy Butler,Female,28,Wales,Other,04-05-2020,65204.55
300001205,Megan Welch,Female,42,Wales,White Collar,13-07-2020,65123.06
100000293,Nathan Bond,Male,45,England,Other,22-04-2020,65116.98
400002213,Claire Martin,Female,27,Northern Ireland,Other,23-09-2020,65095.97
100003738,David Brew,Male,24,England,White Collar,15-12-2020,65072.93
200002249,Ruth Knox,Female,52,Scotland,Other,24-09-2020,65019.95
200001694,Jasmine Mathis,Female,47,Scotland,Other,21-08-2020,64940.12
100002782,Nicholas Buckland,Male,20,England,Other,25-10-2020,64855.42
200001032,Blake Pullman,Male,41,Scotland,Blue Collar,29-06-2020,64766.09
100001142,Joan Walsh,Female,35,England,White Collar,10-07-2020,64757.52
100000287,Peter Lyman,Male,41,England,White Collar,21-04-2020,64731.46
200002462,Melanie Miller,Female,49,Scotland,White Collar,04-10-2020,64721.73
400002109,Jennifer Skinner,Female,27,Northern Ireland,White Collar,17-09-2020,64714.44
100003708,Yvonne Hardacre,Female,47,England,White Collar,14-12-2020,64712.17
100002191,Edward Cornish,Male,32,England,White Collar,23-09-2020,64701.01
200002254,Stephen Carr,Male,45,Scotland,Blue Collar,24-09-2020,64665.58
200000984,Lauren Ince,Female,57,Scotland,Other,24-06-2020,64620.15
200002145,Victor Ince,Male,37,Scotland,Blue Collar,19-09-2020,64601.54
200002375,Stewart Mackenzie,Male,45,Scotland,Other,29-09-2020,64592.88
100003056,Sophie Davidson,Female,33,England,White Collar,08-11-2020,64582.89
100002301,Irene Dyer,Female,36,England,White Collar,26-09-2020,64555.12
100003300,Frank Hart,Male,38,England,Other,22-11-2020,64508.93
200002976,Alan Sanderson,Male,56,Scotland,Blue Collar,01-11-2020,64503.88
200002393,Warren Bond,Male,40,Scotland,Blue Collar,30-09-2020,64487.05
200000589,David Cameron,Male,43,Scotland,Blue Collar,19-05-2020,64483.09
200000210,Blake Rutherford,Male,44,Scotland,Blue Collar,12-04-2020,64482.16
100004006,Kimberly Gray,Female,44,England,Other,30-12-2020,64470.77
200000416,Gordon Lee,Male,46,Scotland,Blue Collar,08-05-2020,64383.55
200003606,Gordon Walsh,Male,60,Scotland,Other,07-12-2020,64373.74
100001618,Christopher Terry,Male,26,England,Other,14-08-2020,64330.34
200000300,Owen Smith,Male,53,Scotland,Blue Collar,23-04-2020,64309.53
100001606,David Kerr,Male,36,England,White Collar,13-08-2020,64281.78
300000469,Peter Parsons,Male,38,Wales,Blue Collar,12-05-2020,64271.06
100000518,Penelope Metcalfe,Female,35,England,Blue Collar,16-05-2020,64233.87
200003340,Piers Anderson,Male,59,Scotland,Blue Collar,24-11-2020,64210.63
300001830,David Slater,Male,29,Wales,White Collar,28-08-2020,64191.88
200002926,Trevor Robertson,Male,47,Scotland,Blue Collar,30-10-2020,64172.31
100003317,Christian Bailey,Male,41,England,White Collar,23-11-2020,64153.64
300000468,Jasmine Allan,Female,45,Wales,Other,12-05-2020,64149.12
100003117,Emily Rees,Female,32,England,White Collar,11-11-2020,64135.72
200002331,Harry James,Male,52,Scotland,Blue Collar,27-09-2020,64059.71
200001229,Brian Gray,Male,47,Scotland,Other,15-07-2020,64034.82
100001311,Michelle James,Female,39,England,Blue Collar,22-07-2020,63992.1
300000731,Warren Ince,Male,31,Wales,White Collar,29-05-2020,63986.32
400002317,Amanda Newman,Female,19,Northern Ireland,Blue Collar,26-09-2020,63979.4
300002780,Carol Dickens,Female,22,Wales,White Collar,24-10-2020,63942.65
100000233,Stewart Pullman,Male,42,England,White Collar,16-04-2020,63869.71
100001703,Gordon Paige,Male,29,England,Blue Collar,22-08-2020,63852.14
200001665,Gabrielle McLean,Female,43,Scotland,Other,18-08-2020,63757.4
100002476,Nathan Graham,Male,47,England,White Collar,06-10-2020,63746.78
200003245,Gavin MacLeod,Male,44,Scotland,Other,17-11-2020,63735.05
100003933,Lillian Cornish,Female,34,England,White Collar,25-12-2020,63677.23
100003985,Dominic May,Male,38,England,White Collar,29-12-2020,63644.91
100000085,Pippa Buckland,Female,38,England,White Collar,16-03-2020,63642.19
400000514,Michael Henderson,Male,35,Northern Ireland,Other,15-05-2020,63602.12
200003611,Madeleine Forsyth,Female,48,Scotland,Other,07-12-2020,63490.36
100002233,Elizabeth Cameron,Female,31,England,Blue Collar,24-09-2020,63449.29
100002859,Grace Graham,Female,39,England,Other,28-10-2020,63362.89
100003267,Liam Burgess,Male,36,England,White Collar,20-11-2020,63323.61
100003890,Isaac Berry,Male,40,England,White Collar,23-12-2020,63320.75
100003022,Una Quinn,Female,27,England,White Collar,05-11-2020,63257.61
100000225,Piers White,Male,31,England,White Collar,14-04-2020,63230.57
300002033,Max McGrath,Male,38,Wales,White Collar,12-09-2020,63211.19
100003735,James Jackson,Male,32,England,White Collar,15-12-2020,63106.43
100001208,Diane Sharp,Female,34,England,Other,14-07-2020,63083.87
400000602,Molly Hart,Female,24,Northern Ireland,White Collar,19-05-2020,63070.39
200003739,Victor Robertson,Male,57,Scotland,Blue Collar,15-12-2020,63027.96
100000172,Nicholas Greene,Male,42,England,Blue Collar,06-04-2020,62923.29
100002588,Emma Jones,Female,39,England,White Collar,13-10-2020,62902.54
100000923,Andrea Henderson,Female,40,England,White Collar,19-06-2020,62886.29
100002894,Paul Smith,Male,36,England,Other,29-10-2020,62882.21
200001117,Angela Scott,Female,42,Scotland,Other,07-07-2020,62850.82
100003963,Alexandra Rutherford,Female,40,England,White Collar,27-12-2020,62802.4
200001162,Jacob Harris,Male,47,Scotland,Blue Collar,11-07-2020,62781.64
100002889,Dan Glover,Male,34,England,White Collar,29-10-2020,62654.71
100000642,Eric Wilson,Male,29,England,Blue Collar,23-05-2020,62631.04
100002193,Owen Quinn,Male,18,England,Blue Collar,23-09-2020,62583.68
100003749,Jan Powell,Female,45,England,Other,16-12-2020,62529.53
200000834,Sebastian Morgan,Male,42,Scotland,Other,08-06-2020,62472.65
300002841,Sam Edmunds,Male,36,Wales,White Collar,26-10-2020,62369.55
100003951,Dylan Harris,Male,30,England,Other,26-12-2020,62353.77
300003845,Jonathan MacLeod,Male,34,Wales,White Collar,20-12-2020,62326.7
400000368,Olivia Simpson,Female,31,Northern Ireland,Other,04-05-2020,62299.63
100001968,Jack Grant,Male,38,England,White Collar,09-09-2020,62279.7
100003323,Diana Mackay,Female,32,England,Other,24-11-2020,62279.58
200003124,Stephen Bell,Male,51,Scotland,Blue Collar,11-11-2020,62238.7
100001155,Robert Berry,Male,40,England,Blue Collar,11-07-2020,62218.34
300003034,Chloe Clark,Female,28,Wales,Other,05-11-2020,62137.79
300000776,Connor Nolan,Male,32,Wales,Other,01-06-2020,62131.4
100002718,John Nolan,Male,28,England,White Collar,21-10-2020,62077.51
200000799,Leonard Ogden,Male,45,Scotland,Blue Collar,04-06-2020,62071.23
100002052,Brian Newman,Male,48,England,Blue Collar,14-09-2020,62065.37
200002068,Brian Cornish,Male,51,Scotland,Other,15-09-2020,62064.73
200002008,Ella Clark,Female,49,Scotland,Other,11-09-2020,62026.18
400000397,Madeleine Kerr,Female,36,Northern Ireland,Other,06-05-2020,61911.69
200003526,Ava Jones,Female,52,Scotland,Other,03-12-2020,61901.62
100000097,Heather Wallace,Female,38,England,Blue Collar,16-03-2020,61890.85
100002215,Harry Lee,Male,33,England,White Collar,24-09-2020,61877.87
200003531,Jacob Paterson,Male,46,Scotland,Blue Collar,03-12-2020,61806.36
100001037,Tim Walker,Male,41,England,Other,30-06-2020,61602.73
300002164,Bella Jones,Female,31,Wales,White Collar,20-09-2020,61587.63
100002369,Warren Glover,Male,26,England,White Collar,29-09-2020,61577.15
100003379,Zoe Wright,Female,34,England,White Collar,27-11-2020,61576
100001643,Adam Walsh,Male,40,England,White Collar,17-08-2020,61559.53
100000162,Emma Peters,Female,36,England,Other,05-04-2020,61541.83
200002177,Blake Terry,Male,41,Scotland,Blue Collar,21-09-2020,61508.32
300000729,James Quinn,Male,34,Wales,Blue Collar,29-05-2020,61450.2
200003801,Jasmine Davies,Female,54,Scotland,Other,18-12-2020,61439.56
100003828,Emily Churchill,Female,42,England,Other,20-12-2020,61434.51
300000595,Joe Ogden,Male,34,Wales,Blue Collar,19-05-2020,61421.55
100001790,Heather Hudson,Female,40,England,White Collar,26-08-2020,61414.37
300001233,Victor Hill,Male,33,Wales,Other,15-07-2020,61390.52
200000700,Sam Ball,Male,58,Scotland,Blue Collar,27-05-2020,61365.17
200002696,Blake Langdon,Male,43,Scotland,Blue Collar,19-10-2020,61360.64
200002921,Jennifer Abraham,Female,34,Scotland,Other,30-10-2020,61355.54
100001023,Joe Campbell,Male,42,England,White Collar,29-06-2020,61354.78
100002683,Nicholas Miller,Male,36,England,White Collar,18-10-2020,61333.01
100001865,Ella Stewart,Female,36,England,White Collar,31-08-2020,61324.68
100003747,Andrea Howard,Female,37,England,Blue Collar,16-12-2020,61138.64
300000967,Victoria Morrison,Female,42,Wales,White Collar,21-06-2020,61134.99
100000823,Trevor Tucker,Male,36,England,Blue Collar,07-06-2020,61120.3
200003029,Liam Sutherland,Male,33,Scotland,White Collar,05-11-2020,61079.39
200000538,Robert Burgess,Male,44,Scotland,Blue Collar,17-05-2020,61035.44
100003744,Christian Brown,Male,36,England,White Collar,16-12-2020,61027.02
200003541,Julian Burgess,Male,37,Scotland,Other,04-12-2020,61009.63
100001349,Jake Gray,Male,44,England,White Collar,23-07-2020,60906.04
100000310,Felicity Hodges,Female,33,England,White Collar,24-04-2020,60876.78
200000621,Andrew Hill,Male,51,Scotland,Blue Collar,21-05-2020,60857.23
400002716,Natalie Young,Female,31,Northern Ireland,White Collar,20-10-2020,60850.03
100000178,Dan Piper,Male,33,England,Blue Collar,06-04-2020,60748.04
100000203,Yvonne Arnold,Female,40,England,White Collar,12-04-2020,60648.52
100002959,Harry Peters,Male,28,England,White Collar,01-11-2020,60496.8
100000306,Phil Grant,Male,32,England,White Collar,24-04-2020,60487.89
200000584,Alan Metcalfe,Male,44,Scotland,Blue Collar,19-05-2020,60464.54
100002764,Matt MacLeod,Male,44,England,Blue Collar,24-10-2020,60462.33
200003803,Wendy Alsop,Female,44,Scotland,Other,18-12-2020,60444.7
300003777,Rachel Dickens,Female,36,Wales,Other,16-12-2020,60441.82
100000423,Wendy Metcalfe,Female,27,England,White Collar,09-05-2020,60406.61
100002940,Rose Parr,Female,33,England,Other,31-10-2020,60395.3
400002540,Deirdre Lyman,Female,30,Northern Ireland,Other,09-10-2020,60385.3
400000441,Amy Murray,Female,21,Northern Ireland,Blue Collar,10-05-2020,60338.07
200003119,Sophie Turner,Female,39,Scotland,Other,11-11-2020,60307.56
200002697,Dylan McLean,Male,47,Scotland,Other,19-10-2020,60277.8
100000958,Justin Johnston,Male,33,England,White Collar,21-06-2020,60205.51
100000926,Dan Johnston,Male,49,England,White Collar,20-06-2020,60180.76
100001558,Caroline Roberts,Female,37,England,White Collar,09-08-2020,60167.62
300001337,Diane Stewart,Female,38,Wales,White Collar,22-07-2020,60149.63
100003687,Ruth Avery,Female,33,England,White Collar,13-12-2020,60116.4
100002911,Adam Hemmings,Male,37,England,Blue Collar,30-10-2020,60097.21
200001069,Benjamin Hemmings,Male,57,Scotland,Blue Collar,03-07-2020,60086.6
300000597,Julian Lyman,Male,36,Wales,White Collar,19-05-2020,60084.51
300002635,Tim Coleman,Male,41,Wales,Other,15-10-2020,60076.55
100003482,Nicola Tucker,Female,34,England,White Collar,02-12-2020,60071.77
100001941,Katherine Wilson,Female,41,England,White Collar,07-09-2020,60069.88
200003675,Lucas Wright,Male,44,Scotland,Blue Collar,12-12-2020,60052.58
200000349,Cameron Duncan,Male,55,Scotland,Blue Collar,02-05-2020,60036.51
200001488,Harry Hunter,Male,56,Scotland,Other,02-08-2020,59975.14
400002299,Ella McLean,Female,37,Northern Ireland,Blue Collar,25-09-2020,59970.28
200003353,Kevin Quinn,Male,55,Scotland,Blue Collar,25-11-2020,59957.08
200003906,Donna Baker,Female,58,Scotland,Other,23-12-2020,59941.68
100001965,Joseph Sharp,Male,37,England,White Collar,09-09-2020,59940.45
100000081,Joan Buckland,Female,36,England,White Collar,16-03-2020,59935.75
100001114,Richard Hodges,Male,33,England,White Collar,07-07-2020,59890
100003147,Robert Wilkins,Male,37,England,White Collar,13-11-2020,59673.88
200003903,Lily Mackay,Female,37,Scotland,Other,23-12-2020,59655.79
100002222,Ava Walsh,Female,46,England,White Collar,24-09-2020,59642.17
100003051,Luke Harris,Male,39,England,White Collar,07-11-2020,59641.84
100001319,Heather Blake,Female,21,England,Blue Collar,22-07-2020,59639.46
100002878,Emma Short,Female,36,England,White Collar,29-10-2020,59611.33
100002804,Matt Vaughan,Male,44,England,White Collar,26-10-2020,59608.54
100002743,Edward Alsop,Male,38,England,White Collar,22-10-2020,59605.02
100003830,Faith Scott,Female,24,England,White Collar,20-12-2020,59597.09
100003986,Joseph Short,Male,44,England,Blue Collar,29-12-2020,59591.3
100002089,Sam Allan,Male,31,England,White Collar,16-09-2020,59589.73
200001891,Tim Marshall,Male,47,Scotland,Blue Collar,02-09-2020,59561.46
200000047,Leah Nolan,Female,32,Scotland,Other,03-02-2020,59501.63
300003200,Jake Newman,Male,37,Wales,White Collar,15-11-2020,59494.69
200004012,Hannah Springer,Female,50,Scotland,Other,30-12-2020,59477.82
200001405,William Hamilton,Male,52,Scotland,Blue Collar,27-07-2020,59450.29
200001078,Isaac Arnold,Male,47,Scotland,Blue Collar,04-07-2020,59432.06
100001360,Brandon Walker,Male,37,England,White Collar,24-07-2020,59430.45
200003399,Alison Stewart,Female,44,Scotland,Other,27-11-2020,59401.58
100002326,Caroline Bond,Female,45,England,White Collar,27-09-2020,59349.16
100002282,Nathan Clarkson,Male,32,England,White Collar,25-09-2020,59321.49
100001448,Anna Mackay,Female,27,England,Blue Collar,30-07-2020,59292.8
300002060,James Smith,Male,34,Wales,White Collar,14-09-2020,59292.42
100003136,Dylan Vaughan,Male,32,England,White Collar,12-11-2020,59266.24
100002958,Sonia McGrath,Female,31,England,White Collar,01-11-2020,59263.01
100002418,Oliver Hunter,Male,38,England,Other,02-10-2020,59261.81
100003310,Ruth Baker,Female,28,England,White Collar,23-11-2020,59252.91
200002664,Donna Slater,Female,42,Scotland,Other,17-10-2020,59189.09
200002029,Dominic Dyer,Male,60,Scotland,Blue Collar,12-09-2020,59183.23
100002139,Luke Mackenzie,Male,38,England,White Collar,19-09-2020,59179.29
100001240,Adam Wallace,Male,34,England,White Collar,16-07-2020,59162.23
100003374,Jack Alsop,Male,42,England,Blue Collar,27-11-2020,59160.59
100002195,Ava Mackay,Female,26,England,White Collar,23-09-2020,59155.94
100002062,Thomas Johnston,Male,36,England,White Collar,15-09-2020,59127.76
400001503,Madeleine Hill,Female,33,Northern Ireland,Blue Collar,03-08-2020,59125.17
100002133,Michelle Ferguson,Female,30,England,White Collar,19-09-2020,59120.59
100001770,Steven Morgan,Male,26,England,Other,25-08-2020,58955.8
200000186,Sue Ellison,Female,51,Scotland,Other,07-04-2020,58953.83
100001852,Jonathan Butler,Male,31,England,White Collar,30-08-2020,58911.42
100000344,Anna Miller,Female,35,England,White Collar,30-04-2020,58807.73
100002387,Richard Hudson,Male,29,England,White Collar,30-09-2020,58720.19
100000190,Vanessa Avery,Female,25,England,Other,08-04-2020,58714.66
200002330,Andrew Lewis,Male,58,Scotland,Other,27-09-2020,58713.96
300002793,Zoe Payne,Female,26,Wales,White Collar,25-10-2020,58699.25
400002522,Abigail Reid,Female,40,Northern Ireland,Blue Collar,08-10-2020,58691.17
100001243,Sonia Parr,Female,41,England,White Collar,16-07-2020,58683.04
200003548,Megan Dyer,Female,51,Scotland,Other,04-12-2020,58682.58
100001308,Bella Jackson,Female,51,England,White Collar,22-07-2020,58655.75
100001399,Gavin Burgess,Male,34,England,White Collar,27-07-2020,58648.57
400000770,Bella Vaughan,Female,22,Northern Ireland,White Collar,31-05-2020,58585.68
200000663,Leonard Jackson,Male,52,Scotland,Other,24-05-2020,58470.37
200002833,Justin Wallace,Male,45,Scotland,Other,26-10-2020,58442.24
400000472,Gabrielle Hardacre,Female,23,Northern Ireland,Other,12-05-2020,58442.19
300002269,Gordon Bell,Male,26,Wales,White Collar,24-09-2020,58399.2
100000056,Liam Gibson,Male,40,England,White Collar,12-02-2020,58391.45
200002830,Mary Hudson,Female,39,Scotland,Other,26-10-2020,58376.83
200000076,Michael Hemmings,Male,44,Scotland,Blue Collar,24-02-2020,58237.65
200000810,Felicity Wilkins,Female,48,Scotland,Other,05-06-2020,58229.1
100000502,Pippa Johnston,Female,18,England,White Collar,15-05-2020,58142.21
200001992,Jonathan Pullman,Male,60,Scotland,Other,10-09-2020,58058.81
100000057,Donna Knox,Female,33,England,Blue Collar,12-02-2020,58033.89
400000829,Lillian Hemmings,Female,29,Northern Ireland,Other,07-06-2020,57983.8
200000684,Leonard Nash,Male,23,Scotland,Blue Collar,26-05-2020,57918.09
100001801,John Peake,Male,34,England,White Collar,27-08-2020,57914.55
100001091,Julia Greene,Female,45,England,White Collar,06-07-2020,57797.68
200002376,Paul Murray,Male,43,Scotland,Blue Collar,29-09-2020,57784.39
100000232,Trevor King,Male,41,England,Blue Collar,15-04-2020,57762.79
100002001,Bernadette Ince,Female,43,England,White Collar,11-09-2020,57739.46
300000526,Yvonne Metcalfe,Female,40,Wales,Other,16-05-2020,57702.39
300002726,Hannah Wallace,Female,41,Wales,White Collar,21-10-2020,57699.86
200003318,David Mackenzie,Male,50,Scotland,Other,23-11-2020,57632.39
100001861,Julian Mackenzie,Male,26,England,Other,31-08-2020,57623.58
300000634,Heather Mackay,Female,50,Wales,White Collar,22-05-2020,57622.79
100000277,Maria Arnold,Female,37,England,White Collar,19-04-2020,57574.38
200000459,Charles Brown,Male,43,Scotland,Other,12-05-2020,57551.21
100000542,Anne Sharp,Female,31,England,White Collar,18-05-2020,57538.47
200001648,Andrew Wilkins,Male,41,Scotland,Other,17-08-2020,57520.31
100001169,Owen Sharp,Male,34,England,Blue Collar,12-07-2020,57497.29
300002779,Brandon Cameron,Male,39,Wales,Blue Collar,24-10-2020,57496.71
200000865,Kimberly Cornish,Female,43,Scotland,Other,13-06-2020,57420.82
400000837,Sean Rampling,Male,29,Northern Ireland,White Collar,09-06-2020,57397.59
100000917,Andrea Newman,Female,34,England,Other,19-06-2020,57387.06
100000154,Kevin Powell,Male,46,England,White Collar,05-04-2020,57365.32
100001854,Donna Scott,Female,30,England,White Collar,30-08-2020,57333.77
100001432,Nicola Metcalfe,Female,27,England,White Collar,29-07-2020,57283.14
100001617,Tracey Bailey,Female,36,England,White Collar,14-08-2020,57272.58
100003194,Steven Watson,Male,29,England,White Collar,15-11-2020,57228.34
300001203,Blake Knox,Male,43,Wales,White Collar,13-07-2020,57193.29
400001701,Lauren Greene,Female,41,Northern Ireland,White Collar,21-08-2020,57177.94
100000242,Amanda Rees,Female,34,England,Blue Collar,17-04-2020,57148.41
100000139,Nicola Rampling,Female,40,England,White Collar,02-04-2020,57140.07
100000251,Fiona Jones,Female,33,England,White Collar,17-04-2020,57127.03
100003209,Boris Quinn,Male,24,England,Other,16-11-2020,57099.28
200002899,Megan Johnston,Female,34,Scotland,Other,29-10-2020,57068.72
100000153,Elizabeth Oliver,Female,36,England,White Collar,05-04-2020,57019.91
200001128,Benjamin Walker,Male,46,Scotland,Blue Collar,08-07-2020,57005.15
300000596,Lillian Kerr,Female,36,Wales,White Collar,19-05-2020,56989.79
300000702,Diane Underwood,Female,31,Wales,White Collar,27-05-2020,56873.89
200002011,Hannah Mackenzie,Female,53,Scotland,Other,11-09-2020,56872.97
400000740,Michael Hamilton,Male,29,Northern Ireland,Blue Collar,29-05-2020,56838.19
200000803,Jason Clark,Male,49,Scotland,Blue Collar,04-06-2020,56825.53
200001934,Peter Bailey,Male,61,Scotland,Blue Collar,06-09-2020,56809.26
100002473,Jake Churchill,Male,31,England,Blue Collar,06-10-2020,56801.98
100002288,Isaac Dickens,Male,51,England,Blue Collar,25-09-2020,56729.36
200000843,Adam Gibson,Male,49,Scotland,Blue Collar,10-06-2020,56695.35
300000951,Sean Nash,Male,36,Wales,Blue Collar,20-06-2020,56653.07
100000135,Piers King,Male,42,England,White Collar,02-04-2020,56652.56
300000994,Dominic Dickens,Male,35,Wales,Blue Collar,25-06-2020,56611.75
100003519,Victoria May,Female,25,England,White Collar,03-12-2020,56604.06
300000525,Luke Mathis,Male,23,Wales,Blue Collar,16-05-2020,56584.82
200000391,Gavin Berry,Male,61,Scotland,Blue Collar,06-05-2020,56557.11
300001741,Chloe Lee,Female,33,Wales,White Collar,23-08-2020,56539.65
100003748,Gavin Avery,Male,38,England,Other,16-12-2020,56516.64
100001194,Alan Kerr,Male,18,England,White Collar,13-07-2020,56473.51
300002616,Gordon Anderson,Male,36,Wales,Blue Collar,14-10-2020,56449.04
100001491,Joan Short,Female,36,England,Other,03-08-2020,56430.27
100002673,Gordon Powell,Male,50,England,White Collar,18-10-2020,56402.62
100002939,William Ogden,Male,35,England,White Collar,31-10-2020,56363.31
100002995,Felicity Hudson,Female,29,England,Blue Collar,03-11-2020,56296.6
200001046,Dylan Alsop,Male,47,Scotland,Blue Collar,30-06-2020,56257.26
300001767,Evan Bell,Male,41,Wales,Blue Collar,24-08-2020,56244.09
100003812,Alexander Parsons,Male,32,England,White Collar,19-12-2020,56233.65
200000791,Pippa Walsh,Female,45,Scotland,White Collar,03-06-2020,56216.25
200003824,Stephanie Simpson,Female,42,Scotland,Other,19-12-2020,56135.18
200002149,Mary MacLeod,Female,53,Scotland,Other,19-09-2020,56122.61
200001391,Nathan Hughes,Male,44,Scotland,Blue Collar,26-07-2020,56071.51
100002629,Matt Poole,Male,24,England,White Collar,15-10-2020,56070.28
200004011,Keith Hughes,Male,52,Scotland,Blue Collar,30-12-2020,56069.72
300002615,Jacob Cameron,Male,31,Wales,Blue Collar,14-10-2020,56035.34
100001144,Gordon McGrath,Male,43,England,White Collar,10-07-2020,55988.59
200001179,Charles Hart,Male,43,Scotland,Other,12-07-2020,55959.34
100001018,Una Mills,Female,32,England,White Collar,28-06-2020,55945.74
300001956,Kylie Sharp,Female,24,Wales,White Collar,07-09-2020,55926.46
200001021,Vanessa Bond,Female,57,Scotland,Blue Collar,28-06-2020,55886.74
400002550,Lily Baker,Female,23,Northern Ireland,Other,10-10-2020,55821.07
100003205,Dominic Vance,Male,40,England,White Collar,16-11-2020,55771.08
100003027,Diane Cameron,Female,32,England,White Collar,05-11-2020,55749.19
100001106,Victoria Miller,Female,29,England,Blue Collar,07-07-2020,55720.37
100003590,Mary Ball,Female,34,England,Blue Collar,07-12-2020,55704.09
100003958,Piers Carr,Male,42,England,White Collar,27-12-2020,55687.53
200000886,Joe Baker,Male,54,Scotland,Blue Collar,15-06-2020,55672.22
100000126,Benjamin Blake,Male,42,England,White Collar,01-04-2020,55661.5
100003835,Grace Ross,Female,27,England,White Collar,20-12-2020,55631.78
100002953,Hannah Peake,Female,52,England,White Collar,01-11-2020,55559.45
300001033,Joan Gibson,Female,46,Wales,White Collar,29-06-2020,55535.23
200001070,John Duncan,Male,62,Scotland,Blue Collar,03-07-2020,55526.53
100002938,Emma Bower,Female,40,England,Other,31-10-2020,55489.08
100000839,Nathan Kerr,Male,44,England,White Collar,10-06-2020,55484.77
100002983,Amelia Hill,Female,24,England,Blue Collar,02-11-2020,55477.57
100003797,Adam Henderson,Male,39,England,White Collar,18-12-2020,55454.96
200003769,Leonard Carr,Male,61,Scotland,Other,16-12-2020,55421.45
200001867,Victor Jackson,Male,48,Scotland,White Collar,31-08-2020,55410.06
100001025,Emma Arnold,Female,40,England,White Collar,29-06-2020,55409.56
200002094,Anthony Marshall,Male,50,Scotland,Other,16-09-2020,55396.83
300001130,Joseph Black,Male,36,Wales,White Collar,08-07-2020,55382.31
200001454,Leah Walker,Female,59,Scotland,Other,30-07-2020,55368.66
300001340,Lisa Reid,Female,42,Wales,Other,22-07-2020,55359.26
100003631,Elizabeth Tucker,Female,43,England,White Collar,10-12-2020,55352.18
100001431,Lucas Grant,Male,32,England,White Collar,29-07-2020,55348.18
300002044,Tracey Lee,Female,34,Wales,Other,13-09-2020,55297.13
200003089,Justin Kelly,Male,56,Scotland,Blue Collar,09-11-2020,55295.38
200002146,Neil Vance,Male,45,Scotland,Blue Collar,19-09-2020,55276.13
100002507,Natalie Howard,Female,42,England,White Collar,08-10-2020,55193.59
200003014,Matt Davidson,Male,60,Scotland,Other,04-11-2020,55173.94
100003639,Ryan Sutherland,Male,31,England,Other,10-12-2020,55173.03
200000713,Liam Greene,Male,54,Scotland,Blue Collar,28-05-2020,55163.34
100003334,Thomas Kerr,Male,39,England,White Collar,24-11-2020,55146.36
400002015,Yvonne Mills,Female,55,Northern Ireland,Other,11-09-2020,55111.01
200002071,Diana Gray,Female,51,Scotland,Other,15-09-2020,55056.65
100000095,Rebecca Knox,Female,30,England,White Collar,16-03-2020,55046.35
100003252,Adam Turner,Male,41,England,White Collar,18-11-2020,55038.36
100000576,Madeleine Hamilton,Female,26,England,White Collar,19-05-2020,55006.43
100002020,Irene Dowd,Female,25,England,White Collar,12-09-2020,54930.04
100003851,Audrey Burgess,Female,26,England,White Collar,21-12-2020,54926.14
200002259,Alexander Marshall,Male,42,Scotland,Blue Collar,24-09-2020,54856.02
200003718,Boris Russell,Male,38,Scotland,Other,14-12-2020,54828.36
200002426,Gavin McLean,Male,48,Scotland,Blue Collar,02-10-2020,54817.88
200000963,Ian Coleman,Male,56,Scotland,Other,21-06-2020,54809.65
100002949,Megan Campbell,Female,38,England,White Collar,01-11-2020,54755.3
100001684,Lily Bond,Female,30,England,White Collar,21-08-2020,54749.13
200000585,Julian Russell,Male,58,Scotland,Other,19-05-2020,54739.91
300002567,Amanda Dowd,Female,46,Wales,White Collar,11-10-2020,54711.28
300003369,Molly Sharp,Female,41,Wales,White Collar,26-11-2020,54697.16
100002219,Victoria Underwood,Female,37,England,Blue Collar,24-09-2020,54692.79
100003390,Wendy Mills,Female,35,England,Other,27-11-2020,54691.63
300000509,Wendy Rampling,Female,31,Wales,White Collar,15-05-2020,54685.83
100002320,Blake Brown,Male,27,England,White Collar,27-09-2020,54644.32
100000202,Fiona Underwood,Female,37,England,White Collar,12-04-2020,54630.38
200001335,Connor Underwood,Male,55,Scotland,Blue Collar,22-07-2020,54622.95
200003796,Anthony Anderson,Male,48,Scotland,Other,17-12-2020,54607.76
200000046,Lisa Berry,Female,47,Scotland,Other,03-02-2020,54589.61
200003647,James Wallace,Male,47,Scotland,Other,10-12-2020,54547.24
100001534,Anthony Buckland,Male,37,England,Blue Collar,07-08-2020,54533.59
300003911,Anne McDonald,Female,36,Wales,Blue Collar,23-12-2020,54473.03
100003853,Jack Allan,Male,28,England,Blue Collar,21-12-2020,54458.54
300001443,Jane Miller,Female,43,Wales,White Collar,29-07-2020,54434.04
100002495,Oliver Rees,Male,30,England,White Collar,07-10-2020,54432.83
200000620,Simon Slater,Male,51,Scotland,Blue Collar,21-05-2020,54343.81
400000915,Melanie Hemmings,Female,26,Northern Ireland,Other,18-06-2020,54272.56
100002451,Warren Metcalfe,Male,41,England,White Collar,04-10-2020,54256.9
100003437,Una Ogden,Female,24,England,Other,29-11-2020,54218.79
300000888,Pippa Gray,Female,26,Wales,White Collar,15-06-2020,54186.89
200003774,Dylan Walker,Male,51,Scotland,Blue Collar,16-12-2020,54174.88
100001848,Amy MacDonald,Female,29,England,White Collar,30-08-2020,54174.39
300000913,Dan Robertson,Male,39,Wales,Blue Collar,18-06-2020,54165.92
200001569,Jack Pullman,Male,58,Scotland,Other,10-08-2020,54124.86
100001473,Olivia Scott,Female,38,England,Other,01-08-2020,54104.73
100002170,Boris Avery,Male,32,England,White Collar,21-09-2020,54090.91
200002310,Isaac Paige,Male,48,Scotland,White Collar,26-09-2020,54081.03
100002456,Cameron Cameron,Male,44,England,Other,04-10-2020,54062.08
100001895,Michelle Jackson,Female,39,England,Blue Collar,03-09-2020,54045.93
200002922,Rebecca Johnston,Female,59,Scotland,Other,30-10-2020,54003.42
200002357,Katherine Lambert,Female,58,Scotland,Other,28-09-2020,53914.11
300001539,Amelia Peake,Female,37,Wales,White Collar,07-08-2020,53825.25
200002903,Alison Ferguson,Female,53,Scotland,Other,29-10-2020,53820.41
100002770,Mary Paige,Female,35,England,White Collar,24-10-2020,53799.34
100002454,Connor Short,Male,47,England,White Collar,04-10-2020,53788.44
300001628,Lillian Dowd,Female,45,Wales,Other,14-08-2020,53783.65
100002131,Austin Oliver,Male,36,England,Blue Collar,19-09-2020,53759.89
100003683,David Rampling,Male,33,England,White Collar,13-12-2020,53759.34
200003478,Leonard Ince,Male,43,Scotland,Blue Collar,01-12-2020,53739.25
300000553,Zoe Ferguson,Female,33,Wales,Blue Collar,18-05-2020,53715.28
300003256,Heather Gill,Female,40,Wales,White Collar,18-11-2020,53697.1
400000955,Joseph Greene,Male,41,Northern Ireland,White Collar,20-06-2020,53685.06
200002653,Chloe Short,Female,52,Scotland,Other,16-10-2020,53599.25
100002751,Dorothy Campbell,Female,35,England,Blue Collar,23-10-2020,53586.79
200001568,Nathan Walker,Male,36,Scotland,Blue Collar,10-08-2020,53585.22
100003504,Carolyn Nolan,Female,29,England,White Collar,03-12-2020,53584.67
100000773,Austin Lee,Male,45,England,Other,01-06-2020,53554.5
200001441,Lucas North,Male,51,Scotland,Other,29-07-2020,53537.01
100002433,Fiona Lambert,Female,45,England,White Collar,03-10-2020,53536.19
100003281,Nathan Dickens,Male,27,England,White Collar,21-11-2020,53494.5
100002570,Dan Rampling,Male,39,England,White Collar,12-10-2020,53388.21
100002087,Matt Hemmings,Male,28,England,White Collar,16-09-2020,53357.54
200003426,Alan Harris,Male,53,Scotland,Other,28-11-2020,53354.74
100001056,Keith McDonald,Male,36,England,White Collar,02-07-2020,53344.6
200000370,Joshua Bond,Male,62,Scotland,Other,05-05-2020,53342.1
200003084,Irene Roberts,Female,46,Scotland,Blue Collar,09-11-2020,53327.97
300001513,Liam Johnston,Male,44,Wales,Blue Collar,04-08-2020,53325.85
100003148,Anna Jones,Female,32,England,White Collar,13-11-2020,53274.83
100002223,Harry Clarkson,Male,48,England,White Collar,24-09-2020,53270.72
100002769,Dominic Henderson,Male,38,England,White Collar,24-10-2020,53247.48
100000382,Anthony Chapman,Male,45,England,Other,06-05-2020,53204.35
100001596,Yvonne Miller,Female,29,England,White Collar,12-08-2020,53197.64
300002603,Theresa Graham,Female,33,Wales,White Collar,13-10-2020,53133.68
200000698,Jacob Sharp,Male,45,Scotland,Blue Collar,27-05-2020,53086.19
200001993,Brian Butler,Male,63,Scotland,Other,10-09-2020,53004.65
100003349,Olivia Coleman,Female,41,England,Blue Collar,25-11-2020,52991.99
100003330,Gabrielle Berry,Female,40,England,Other,24-11-2020,52970.78
100002245,Thomas Randall,Male,24,England,White Collar,24-09-2020,52872.53
100000179,Dan Metcalfe,Male,24,England,Blue Collar,06-04-2020,52862.29
200003338,Colin Nolan,Male,60,Scotland,Blue Collar,24-11-2020,52742.54
100002641,Carolyn Paige,Female,40,England,White Collar,16-10-2020,52735.66
100001831,Grace Peake,Female,34,England,White Collar,29-08-2020,52702.58
100003423,Leonard Allan,Male,32,England,White Collar,28-11-2020,52696.94
300001740,Tracey Lambert,Female,35,Wales,White Collar,23-08-2020,52648.77
100001881,Jane Payne,Female,44,England,Other,01-09-2020,52619.82
200001271,Nicola Cameron,Female,28,Scotland,Other,19-07-2020,52614.67
100001385,Peter Forsyth,Male,26,England,White Collar,26-07-2020,52604.44
100000656,Dylan Smith,Male,32,England,Other,24-05-2020,52580.7
100003233,Robert Mackenzie,Male,39,England,White Collar,17-11-2020,52566.58
100000211,Robert Wright,Male,39,England,White Collar,13-04-2020,52505.16
100003316,Katherine Davidson,Female,30,England,Other,23-11-2020,52474.35
200000591,Christian Edmunds,Male,41,Scotland,Blue Collar,19-05-2020,52388.41
100002885,Lisa Simpson,Female,53,England,Other,29-10-2020,52378.68
300001576,Gavin Ross,Male,41,Wales,White Collar,10-08-2020,52335.99
100001850,Angela Peters,Female,32,England,White Collar,30-08-2020,52248.29
100001822,Jasmine Hamilton,Female,38,England,Other,28-08-2020,52220.12
100003000,Alison Mitchell,Female,30,England,White Collar,03-11-2020,52200.62
200003004,Joshua Murray,Male,51,Scotland,Blue Collar,03-11-2020,52186.48
100003557,John Mackenzie,Male,20,England,White Collar,05-12-2020,52109.92
100000710,Julia Harris,Female,39,England,White Collar,28-05-2020,52102.28
100001656,Tim King,Male,38,England,White Collar,18-08-2020,52100.59
100002644,Carolyn Wright,Female,36,England,White Collar,16-10-2020,52050.39
200003052,Leah Davidson,Female,51,Scotland,Blue Collar,07-11-2020,52001.9
400001753,Chloe Slater,Female,30,Northern Ireland,Other,23-08-2020,51991.07
100003714,William Clark,Male,28,England,White Collar,14-12-2020,51953.67
300000529,Amelia Nolan,Female,24,Wales,White Collar,16-05-2020,51952.49
100000230,Dan Terry,Male,42,England,White Collar,15-04-2020,51923.76
100002198,Molly Fisher,Female,20,England,White Collar,23-09-2020,51904.56
100000285,Matt Black,Male,34,England,White Collar,21-04-2020,51792.13
100001236,Ella Forsyth,Female,42,England,Blue Collar,16-07-2020,51786.07
100003514,Nathan Dowd,Male,31,England,Other,03-12-2020,51754.08
200002487,Trevor Dyer,Male,58,Scotland,Blue Collar,06-10-2020,51723.62
100000146,Andrew Gray,Male,41,England,White Collar,05-04-2020,51707.8
200000904,Ryan Gray,Male,52,Scotland,Blue Collar,17-06-2020,51689.74
100002574,Maria Gibson,Female,34,England,White Collar,12-10-2020,51621.8
200001453,Elizabeth Russell,Female,53,Scotland,Other,30-07-2020,51621.76
100001420,Gabrielle Underwood,Female,38,England,White Collar,28-07-2020,51616.07
400003443,Abigail MacLeod,Female,21,Northern Ireland,Blue Collar,29-11-2020,51615.61
100002464,Emily Mackenzie,Female,36,England,White Collar,05-10-2020,51614.58
300001529,Harry Bailey,Male,43,Wales,Other,06-08-2020,51598.1
100002034,Gordon Dowd,Male,43,England,White Collar,13-09-2020,51578.31
100000152,Justin Metcalfe,Male,32,England,White Collar,05-04-2020,51576.88
100000722,Katherine Paterson,Female,36,England,White Collar,29-05-2020,51542.67
100003782,Stephanie Forsyth,Female,32,England,White Collar,17-12-2020,51475.16
100000289,Olivia Peake,Female,32,England,White Collar,22-04-2020,51470.09
100000401,Leonard Paterson,Male,41,England,White Collar,07-05-2020,51459.45
100000041,Edward Terry,Male,27,England,Blue Collar,01-02-2020,51412.6
100001125,Lucas Thomson,Male,31,England,White Collar,08-07-2020,51397.48
300000598,Blake MacDonald,Male,39,Wales,Blue Collar,19-05-2020,51333.22
100003346,Katherine McDonald,Female,37,England,White Collar,25-11-2020,51295.71
100003952,Nicholas Glover,Male,36,England,Blue Collar,26-12-2020,51263.69
100003817,Brandon Lewis,Male,29,England,White Collar,19-12-2020,51239.25
300002584,Yvonne Slater,Female,32,Wales,White Collar,12-10-2020,51208.53
100001690,Paul Hunter,Male,48,England,White Collar,21-08-2020,51202.31
100001006,Lauren Martin,Female,27,England,Blue Collar,27-06-2020,51197.28
400000114,Fiona Mills,Female,18,Northern Ireland,Other,16-03-2020,51171.29
100003219,Connor James,Male,31,England,Blue Collar,17-11-2020,51141.07
300000531,Felicity Vaughan,Female,23,Wales,White Collar,16-05-2020,51109.71
100001049,Emma Oliver,Female,30,England,White Collar,01-07-2020,51090.19
100003640,Adam Short,Male,35,England,Blue Collar,10-12-2020,51009.01
100002722,Samantha Paterson,Female,46,England,Other,21-10-2020,50959.4
100001755,Boris Langdon,Male,29,England,Other,24-08-2020,50953.26
200002631,Nicholas Knox,Male,46,Scotland,Blue Collar,15-10-2020,50945.1
100001922,Richard Hughes,Male,33,England,Blue Collar,05-09-2020,50905.81
100003962,Sophie Lewis,Female,32,England,Blue Collar,27-12-2020,50886.35
200003581,Owen Glover,Male,51,Scotland,Blue Collar,06-12-2020,50865.75
100001607,Andrew Jones,Male,33,England,Blue Collar,13-08-2020,50819.63
400002276,Irene Sutherland,Female,27,Northern Ireland,White Collar,24-09-2020,50798.78
100002175,Owen Dyer,Male,50,England,White Collar,21-09-2020,50706.4
400003009,Yvonne Fisher,Female,31,Northern Ireland,Other,03-11-2020,50699.67
400002401,Wanda Peters,Female,21,Northern Ireland,Other,30-09-2020,50686.07
100000240,John Baker,Male,32,England,White Collar,17-04-2020,50658.95
100003574,Kimberly Blake,Female,40,England,White Collar,06-12-2020,50651.68
200002024,Connor Poole,Male,51,Scotland,Blue Collar,12-09-2020,50629.7
300000410,Andrew Grant,Male,32,Wales,White Collar,07-05-2020,50621.67
100003507,Dominic Scott,Male,29,England,White Collar,03-12-2020,50618.79
100003210,Amanda Howard,Female,50,England,White Collar,16-11-2020,50609.43
400003743,Keith Davies,Male,19,Northern Ireland,Other,15-12-2020,50562.98
100000296,Penelope Clarkson,Female,31,England,White Collar,23-04-2020,50533.23
100001074,Jack Metcalfe,Male,37,England,White Collar,04-07-2020,50527.47
100001524,Lillian Scott,Female,36,England,White Collar,06-08-2020,50523.67
100003445,Kimberly Dickens,Female,36,England,White Collar,30-11-2020,50507.35
400003036,Lisa Hughes,Female,39,Northern Ireland,Other,05-11-2020,50492.06
400002013,Carl Dickens,Male,18,Northern Ireland,White Collar,11-09-2020,50457.71
200000631,Sean Lyman,Male,57,Scotland,Blue Collar,22-05-2020,50454.73
200002897,Lucas Ogden,Male,43,Scotland,Blue Collar,29-10-2020,50448.22
100002196,Jasmine Sutherland,Female,32,England,Blue Collar,23-09-2020,50290.76
100002003,Ruth Kerr,Female,40,England,White Collar,11-09-2020,50283.03
100003572,Deirdre Grant,Female,32,England,White Collar,06-12-2020,50282.25
200003579,Dan Turner,Male,48,Scotland,Blue Collar,06-12-2020,50224.02
400002928,Jane Lawrence,Female,29,Northern Ireland,Blue Collar,30-10-2020,50213.26
200001869,Sam Skinner,Male,59,Scotland,Other,31-08-2020,50189.26
200002160,Zoe Lawrence,Female,51,Scotland,Other,20-09-2020,50115.25
100002416,Sophie Nash,Female,32,England,White Collar,02-10-2020,50111.16
100000920,Steven Hill,Male,23,England,Other,19-06-2020,50104.04
100002656,Dorothy Lawrence,Female,43,England,Blue Collar,17-10-2020,50078.57
100002919,Trevor Lyman,Male,33,England,White Collar,30-10-2020,50075.4
100000331,Jonathan Manning,Male,44,England,White Collar,28-04-2020,50015.54
100002815,Claire Blake,Female,30,England,White Collar,26-10-2020,49965.59
200002709,Trevor Ball,Male,53,Scotland,Other,20-10-2020,49863.23
300001886,Lisa Watson,Female,34,Wales,White Collar,01-09-2020,49859.68
100002732,James Walsh,Male,32,England,White Collar,22-10-2020,49778.16
300000954,Richard Parsons,Male,33,Wales,White Collar,20-06-2020,49775.7
100001058,Julia Mackay,Female,36,England,White Collar,02-07-2020,49717.13
100003107,Joseph Hodges,Male,42,England,White Collar,11-11-2020,49683.78
300002669,Julian Cornish,Male,18,Wales,White Collar,17-10-2020,49678.06
100001027,Jessica MacLeod,Female,33,England,Other,29-06-2020,49665.09
100001819,Lucas Mills,Male,38,England,Other,28-08-2020,49610.44
100001714,Faith Arnold,Female,38,England,White Collar,23-08-2020,49606.03
200000648,Gavin Martin,Male,52,Scotland,Blue Collar,23-05-2020,49590.89
100003670,Lisa Black,Female,37,England,White Collar,12-12-2020,49587.2
100001345,Carl Scott,Male,46,England,White Collar,23-07-2020,49511.64
100003168,Christopher Fisher,Male,40,England,White Collar,14-11-2020,49490.49
100001005,Chloe Jones,Female,38,England,White Collar,27-06-2020,49490.42
100002684,Diana Sanderson,Female,46,England,Other,18-10-2020,49374.99
200002396,Ian Black,Male,57,Scotland,Blue Collar,30-09-2020,49358.43
100002287,Sophie Welch,Female,36,England,Blue Collar,25-09-2020,49350.39
400001342,Victoria Morrison,Female,36,Northern Ireland,Other,22-07-2020,49294.33
200003652,Kylie Quinn,Female,49,Scotland,Other,10-12-2020,49277
200002186,Nicholas White,Male,53,Scotland,Blue Collar,22-09-2020,49225.7
100003635,Grace Rees,Female,44,England,White Collar,10-12-2020,49219.74
300001745,Virginia Piper,Female,34,Wales,Blue Collar,23-08-2020,49214.87
200001829,Amy Morrison,Female,52,Scotland,Other,28-08-2020,49205.24
100001759,Colin Edmunds,Male,38,England,White Collar,24-08-2020,49172.92
100002865,Madeleine Hudson,Female,35,England,Other,28-10-2020,49160.19
200000699,Jason Cameron,Male,60,Scotland,Other,27-05-2020,49081.5
300003827,Olivia Henderson,Female,28,Wales,White Collar,19-12-2020,49068.58
100002693,Harry Avery,Male,35,England,White Collar,19-10-2020,49048.13
100002930,Jonathan Martin,Male,38,England,Other,31-10-2020,49041.1
100001601,Keith Duncan,Male,40,England,White Collar,13-08-2020,48998.08
400000272,Rose Blake,Female,25,Northern Ireland,White Collar,17-04-2020,48997.63
200001662,Anthony Graham,Male,46,Scotland,Blue Collar,18-08-2020,48967.15
100003512,Joseph Young,Male,33,England,Blue Collar,03-12-2020,48962.02
300001048,Oliver Butler,Male,38,Wales,White Collar,30-06-2020,48959.81
200003979,Luke Berry,Male,49,Scotland,Blue Collar,28-12-2020,48950
100002239,Adam Parsons,Male,34,England,White Collar,24-09-2020,48947.83
100003888,Carl Hudson,Male,31,England,White Collar,23-12-2020,48932.49
100003837,Ruth Bailey,Female,31,England,White Collar,20-12-2020,48927.48
100001722,John Coleman,Male,29,England,White Collar,23-08-2020,48925.1
100001485,Sebastian Bailey,Male,33,England,White Collar,02-08-2020,48891.91
300003535,Stewart Metcalfe,Male,38,Wales,Blue Collar,03-12-2020,48829.47
200000014,Thomas Lawrence,Male,46,Scotland,Other,12-01-2020,48791.46
200003563,Andrew Kerr,Male,38,Scotland,Other,05-12-2020,48778.81
200003997,John Lambert,Male,53,Scotland,Blue Collar,29-12-2020,48775.57
100000836,Bella Metcalfe,Female,35,England,White Collar,09-06-2020,48766.55
100003752,Audrey Lawrence,Female,33,England,White Collar,16-12-2020,48715.23
100000380,Piers Walker,Male,39,England,White Collar,06-05-2020,48712.33
200000985,Peter MacLeod,Male,56,Scotland,Blue Collar,24-06-2020,48707.14
300003105,Blake White,Male,31,Wales,White Collar,10-11-2020,48703.81
100002405,Katherine Hudson,Female,34,England,White Collar,01-10-2020,48696.83
200001452,Jonathan Lawrence,Male,47,Scotland,Blue Collar,30-07-2020,48667.64
100002174,Maria McLean,Female,36,England,White Collar,21-09-2020,48661.99
200003400,Piers Short,Male,52,Scotland,Other,27-11-2020,48602.47
300002840,Blake Wilson,Male,35,Wales,Blue Collar,26-10-2020,48599.08
300003412,Karen Marshall,Female,39,Wales,White Collar,27-11-2020,48514.21
200000465,Una Lawrence,Female,42,Scotland,Other,12-05-2020,48457.47
300000351,Nicholas James,Male,38,Wales,Blue Collar,02-05-2020,48457.2
200000647,Liam Wright,Male,50,Scotland,Other,23-05-2020,48457.18
400001035,Amelia Jones,Female,27,Northern Ireland,Blue Collar,29-06-2020,48456.97
200003677,Anthony Lewis,Male,64,Scotland,Blue Collar,12-12-2020,48456.48
100000148,Madeleine Ogden,Female,37,England,White Collar,05-04-2020,48405.93
100000192,Oliver Blake,Male,39,England,White Collar,09-04-2020,48396.17
200002263,Madeleine Russell,Female,61,Scotland,Blue Collar,24-09-2020,48394.84
200002853,William Duncan,Male,48,Scotland,Blue Collar,27-10-2020,48392
300000635,Kimberly Walsh,Female,34,Wales,White Collar,22-05-2020,48381.35
100000891,Alexandra Mathis,Female,32,England,Other,16-06-2020,48355
200002290,Nicholas Metcalfe,Male,45,Scotland,White Collar,25-09-2020,48333.09
100002423,Brandon Vaughan,Male,33,England,White Collar,02-10-2020,48286.35
100003964,Brian Kerr,Male,43,England,White Collar,27-12-2020,48270.26
200001669,Jan Knox,Female,47,Scotland,Other,19-08-2020,48268.62
200001904,Diane Alsop,Female,50,Scotland,Other,03-09-2020,48266.76
400002541,Alexandra Clarkson,Female,31,Northern Ireland,White Collar,09-10-2020,48247.85
100002704,Phil Rampling,Male,45,England,Blue Collar,20-10-2020,48234.65
200002725,Ian Skinner,Male,55,Scotland,Blue Collar,21-10-2020,48227.16
100000216,Nathan Turner,Male,38,England,White Collar,13-04-2020,48146.54
400001927,Emily Burgess,Female,32,Northern Ireland,Other,05-09-2020,48145.5
300003247,Anne Nash,Female,28,Wales,White Collar,17-11-2020,48124.64
100002947,Faith Poole,Female,49,England,White Collar,01-11-2020,48099.69
100003486,Una McLean,Female,40,England,White Collar,02-12-2020,48099.01
300003143,Richard Chapman,Male,39,Wales,Blue Collar,12-11-2020,48032.86
100003350,Matt Forsyth,Male,34,England,Blue Collar,25-11-2020,47988.11
200002517,Michelle Clark,Female,60,Scotland,Other,08-10-2020,47942.04
100003301,Anthony Hughes,Male,46,England,White Collar,22-11-2020,47908.76
300002107,Lucas Walsh,Male,27,Wales,Blue Collar,17-09-2020,47857.14
100001720,Deirdre Alsop,Female,25,England,Blue Collar,23-08-2020,47846.97
100002577,Chloe Vance,Female,37,England,White Collar,12-10-2020,47843.83
100000640,David Arnold,Male,38,England,Blue Collar,23-05-2020,47824.63
300000375,Molly Black,Female,44,Wales,Other,05-05-2020,47772.44
200003605,Fiona Vaughan,Female,49,Scotland,Other,07-12-2020,47764.94
200002896,Joe Coleman,Male,57,Scotland,Other,29-10-2020,47745.75
100002643,Nicholas Stewart,Male,28,England,White Collar,16-10-2020,47740.27
200002030,James Paterson,Male,46,Scotland,Blue Collar,12-09-2020,47720.66
100002798,Jonathan Welch,Male,29,England,White Collar,26-10-2020,47610.68
100000053,Madeleine Ellison,Female,37,England,Other,12-02-2020,47551.7
100003627,Jason Baker,Male,30,England,White Collar,10-12-2020,47550.08
100000235,Jessica James,Female,40,England,White Collar,16-04-2020,47518.92
200002898,Jane Reid,Female,51,Scotland,Other,29-10-2020,47468.79
100003010,Anna Short,Female,56,England,White Collar,04-11-2020,47447.17
100001170,Bernadette Henderson,Female,36,England,White Collar,12-07-2020,47422.55
300001217,Adam King,Male,48,Wales,Other,14-07-2020,47418.57
300000777,Jasmine Lee,Female,22,Wales,White Collar,01-06-2020,47414.52
100002867,Natalie Glover,Female,30,England,Other,28-10-2020,47404.84
100003881,Abigail Buckland,Female,36,England,White Collar,23-12-2020,47392.56
100002226,Chloe Young,Female,31,England,White Collar,24-09-2020,47381.87
300001490,Richard Wallace,Male,43,Wales,White Collar,02-08-2020,47373.56
100000501,Victoria Johnston,Female,42,England,White Collar,15-05-2020,47360.61
100002955,Dorothy Ellison,Female,36,England,White Collar,01-11-2020,47360.38
100001876,Sebastian Wilson,Male,46,England,White Collar,01-09-2020,47359.83
100003312,Madeleine Clarkson,Female,32,England,White Collar,23-11-2020,47291.75
100003511,Yvonne Grant,Female,40,England,White Collar,03-12-2020,47276.63
200002410,Anthony Robertson,Male,52,Scotland,Blue Collar,01-10-2020,47271.67
200003691,Una McDonald,Female,53,Scotland,Other,13-12-2020,47265.41
400000759,Neil James,Male,37,Northern Ireland,White Collar,30-05-2020,47245.76
200001739,Warren Gibson,Male,52,Scotland,Blue Collar,23-08-2020,47219.2
100002951,Caroline Hudson,Female,36,England,White Collar,01-11-2020,47211.31
200001640,Christopher Underwood,Male,64,Scotland,Blue Collar,16-08-2020,47115.07
100003810,Alexandra Davidson,Female,23,England,White Collar,19-12-2020,47114.15
200002256,Brian Paige,Male,58,Scotland,Other,24-09-2020,47114.02
100000745,Victor Wilson,Male,46,England,White Collar,30-05-2020,47074.94
100001929,Wendy Robertson,Female,37,England,White Collar,06-09-2020,47072.67
200003939,Angela Davies,Female,39,Scotland,Other,25-12-2020,47002.22
100003716,Andrew Parr,Male,36,England,Blue Collar,14-12-2020,46983.45
100000894,Faith Buckland,Female,39,England,Other,16-06-2020,46957.62
200001695,Gabrielle Arnold,Female,55,Scotland,Other,21-08-2020,46862.56
300002842,Victor Underwood,Male,28,Wales,Blue Collar,26-10-2020,46835.63
100001787,Charles Ross,Male,28,England,White Collar,26-08-2020,46762.44
100001971,Brandon Duncan,Male,36,England,White Collar,09-09-2020,46758.9
100000902,Jake White,Male,37,England,White Collar,17-06-2020,46682.59
100003894,Tim Chapman,Male,38,England,White Collar,23-12-2020,46663.19
200003696,Ian Hamilton,Male,48,Scotland,Other,13-12-2020,46551.52
100001422,Jasmine Hodges,Female,29,England,Other,28-07-2020,46543.51
100002640,Rebecca Russell,Female,42,England,Blue Collar,16-10-2020,46452.14
100000543,Chloe Dickens,Female,35,England,White Collar,18-05-2020,46422.42
400002691,Amy Abraham,Female,42,Northern Ireland,Other,18-10-2020,46393.55
100001988,Molly White,Female,35,England,White Collar,10-09-2020,46370.97
100001515,Frank Blake,Male,36,England,Other,05-08-2020,46324.39
100000560,Jacob King,Male,34,England,Other,19-05-2020,46243.31
400001531,Molly Springer,Female,31,Northern Ireland,Blue Collar,06-08-2020,46207.53
100001645,Sonia Morgan,Female,44,England,White Collar,17-08-2020,46153.29
300000812,Natalie Wallace,Female,23,Wales,White Collar,05-06-2020,46151.71
200000763,William Lyman,Male,46,Scotland,White Collar,31-05-2020,46084.51
100000174,Penelope Glover,Female,31,England,White Collar,06-04-2020,46078.71
100002861,Jason Anderson,Male,39,England,White Collar,28-10-2020,46065.96
200003544,Kevin Harris,Male,57,Scotland,Blue Collar,04-12-2020,46060.29
100000746,Ava Gibson,Female,34,England,Other,30-05-2020,46037.55
100002419,Diane Ellison,Female,33,England,White Collar,02-10-2020,46035.81
200000583,Joanne Mills,Female,56,Scotland,Other,19-05-2020,46034.1
200002598,Sean Cornish,Male,52,Scotland,Other,13-10-2020,45992.16
100002113,Karen Wallace,Female,39,England,White Collar,18-09-2020,45969.7
300000512,Jasmine Marshall,Female,57,Wales,White Collar,15-05-2020,45944.18
300001651,Emma Mitchell,Female,21,Wales,White Collar,17-08-2020,45899.62
300000752,Melanie Buckland,Female,35,Wales,White Collar,30-05-2020,45887.56
300002129,Amelia Payne,Female,44,Wales,White Collar,18-09-2020,45868.51
200002745,Isaac Quinn,Male,52,Scotland,Blue Collar,22-10-2020,45833.87
200003610,Paul Sharp,Male,33,Scotland,Blue Collar,07-12-2020,45820.39
200003140,Oliver Sanderson,Male,32,Scotland,Blue Collar,12-11-2020,45810.04
100002628,Grace Henderson,Female,46,England,White Collar,15-10-2020,45737.65
100001646,Rebecca Peters,Female,31,England,White Collar,17-08-2020,45730.02
200002101,Lucas Murray,Male,48,Scotland,Other,17-09-2020,45705.24
200000811,Sonia Peters,Female,52,Scotland,Other,05-06-2020,45693.28
200003241,Dominic Martin,Male,37,Scotland,Blue Collar,17-11-2020,45686.41
100002051,Gordon Mackenzie,Male,40,England,White Collar,14-09-2020,45671.3
200000948,Zoe Reid,Female,53,Scotland,White Collar,20-06-2020,45663.95
200003154,David Alsop,Male,49,Scotland,Other,13-11-2020,45629.65
100002023,James Mills,Male,36,England,White Collar,12-09-2020,45626.72
100001544,Wanda Hill,Female,25,England,White Collar,08-08-2020,45618.61
300003156,Charles Mills,Male,42,Wales,White Collar,13-11-2020,45546.49
200003182,Piers Mitchell,Male,49,Scotland,Other,14-11-2020,45545.02
100003886,Theresa Ellison,Female,33,England,Blue Collar,23-12-2020,45536.82
100001846,Amelia Vance,Female,30,England,White Collar,30-08-2020,45527.09
100002589,Mary Oliver,Female,41,England,Blue Collar,13-10-2020,45505.77
100003311,Robert Anderson,Male,43,England,White Collar,23-11-2020,45425.57
100001108,Keith Rutherford,Male,27,England,White Collar,07-07-2020,45374.89
100003473,Joanne Henderson,Female,42,England,White Collar,01-12-2020,45276.8
400001814,Alison Scott,Female,32,Northern Ireland,White Collar,27-08-2020,45259.78
300001119,Sam Black,Male,35,Wales,Blue Collar,07-07-2020,45240.82
200000265,Tim Sanderson,Male,52,Scotland,Blue Collar,17-04-2020,45213.63
100000573,Sam Howard,Male,35,England,White Collar,19-05-2020,45176.14
100003813,Penelope Terry,Female,48,England,White Collar,19-12-2020,45166.76
200002775,Kevin Miller,Male,50,Scotland,Blue Collar,24-10-2020,45141.01
100001928,Chloe Mathis,Female,35,England,White Collar,06-09-2020,45139.58
100000244,Brian Short,Male,39,England,White Collar,17-04-2020,45135.16
100000323,Joanne Fisher,Female,21,England,White Collar,27-04-2020,45045.19
100000445,Rose Hodges,Female,43,England,White Collar,11-05-2020,44996.7
200001738,Paul Lambert,Male,53,Scotland,Blue Collar,23-08-2020,44984.09
100002573,Ian Gibson,Male,32,England,White Collar,12-10-2020,44978.01
200000106,Ella Bond,Female,54,Scotland,Other,16-03-2020,44973.03
100003554,Vanessa Mathis,Female,32,England,Other,05-12-2020,44949.1
400002472,Jane Wilson,Female,46,Northern Ireland,Other,05-10-2020,44875.11
100002884,Edward McGrath,Male,37,England,White Collar,29-10-2020,44872.72
200000762,Andrea Robertson,Female,52,Scotland,Other,31-05-2020,44756.41
300003466,Zoe Randall,Female,44,Wales,Other,30-11-2020,44752.01
100000134,Owen Powell,Male,34,England,Blue Collar,02-04-2020,44744.24
200002776,Jason Langdon,Male,53,Scotland,Blue Collar,24-10-2020,44741.93
200000727,Steven Jackson,Male,53,Scotland,Other,29-05-2020,44740.65
100002999,Felicity Gibson,Female,32,England,White Collar,03-11-2020,44646.75
200002100,Felicity MacDonald,Female,44,Scotland,Other,17-09-2020,44623.87
100001427,Leah Young,Female,35,England,White Collar,29-07-2020,44622.79
100003636,Anna King,Female,23,England,White Collar,10-12-2020,44620.56
100000500,Grace Stewart,Female,32,England,Other,15-05-2020,44609.05
100003371,Gabrielle Wilkins,Female,39,England,White Collar,27-11-2020,44607.05
300002210,Steven Burgess,Male,33,Wales,White Collar,23-09-2020,44605.53
100001065,Joan Mills,Female,30,England,White Collar,03-07-2020,44599.53
100001847,Una Alsop,Female,31,England,White Collar,30-08-2020,44576.62
400001355,Neil Baker,Male,25,Northern Ireland,Other,23-07-2020,44575.02
100000742,Brandon Churchill,Male,34,England,White Collar,30-05-2020,44552.66
300001010,Leah Ogden,Female,36,Wales,Other,27-06-2020,44515.4
100003789,Alberto Langdon,Male,25,England,Other,17-12-2020,44515.32
200001649,Steven Gray,Male,55,Scotland,Blue Collar,17-08-2020,44489.44
300001954,Gabrielle Kerr,Female,35,Wales,White Collar,07-09-2020,44438.94
200002148,Hannah Payne,Female,60,Scotland,Other,19-09-2020,44430.94
100000850,Austin Chapman,Male,36,England,Blue Collar,11-06-2020,44399.73
200003773,Trevor Tucker,Male,43,Scotland,Blue Collar,16-12-2020,44371.75
400000376,Megan Forsyth,Female,28,Northern Ireland,Other,05-05-2020,44349.72
100001728,Kimberly Metcalfe,Female,29,England,White Collar,23-08-2020,44345.61
100003229,Natalie Sutherland,Female,37,England,White Collar,17-11-2020,44335.18
200001087,Virginia Greene,Female,59,Scotland,Other,05-07-2020,44326.6
100001608,Amelia Gray,Female,39,England,White Collar,13-08-2020,44286.24
100001090,Brian Metcalfe,Male,25,England,Other,06-07-2020,44277.62
200000579,James Glover,Male,47,Scotland,Other,19-05-2020,44263.92
200003839,William Lewis,Male,49,Scotland,Other,20-12-2020,44251.15
100003422,Gabrielle Turner,Female,25,England,White Collar,28-11-2020,44240.78
300001412,Amy Metcalfe,Female,35,Wales,White Collar,27-07-2020,44201.14
200001763,Jason Ball,Male,54,Scotland,Other,24-08-2020,44192.29
100000199,Jasmine Terry,Female,31,England,Blue Collar,11-04-2020,44162.06
100001238,Adam Wilson,Male,34,England,Other,16-07-2020,44155.19
200000716,Theresa Fraser,Female,59,Scotland,White Collar,28-05-2020,44129.74
100000889,Stephen Bailey,Male,37,England,White Collar,16-06-2020,44096.51
300000269,Gabrielle Powell,Female,42,Wales,Other,17-04-2020,44094.63
100002887,Lily Hunter,Female,34,England,White Collar,29-10-2020,44066.67
300001185,Ruth Glover,Female,29,Wales,White Collar,12-07-2020,44060.89
100000094,Lisa Davies,Female,38,England,Other,16-03-2020,44034.26
300003356,Jonathan Parr,Male,42,Wales,White Collar,25-11-2020,44017.46
200001182,Thomas Coleman,Male,24,Scotland,Other,12-07-2020,43980.94
200001180,Joanne Ogden,Female,51,Scotland,Other,12-07-2020,43954.03
100002435,Boris Arnold,Male,36,England,White Collar,03-10-2020,43882.44
100003325,Joanne Slater,Female,35,England,Blue Collar,24-11-2020,43833.84
100000317,Liam Stewart,Male,35,England,White Collar,26-04-2020,43790.83
200002246,Samantha Marshall,Female,52,Scotland,Blue Collar,24-09-2020,43787.71
300001743,Joseph Bell,Male,18,Wales,White Collar,23-08-2020,43780.77
100000084,Dylan Fraser,Male,42,England,White Collar,16-03-2020,43770.37
200001964,Nathan Stewart,Male,42,Scotland,Blue Collar,08-09-2020,43767.15
200001251,Jonathan Ball,Male,45,Scotland,Blue Collar,17-07-2020,43733.51
200003619,Nicholas Alsop,Male,48,Scotland,Other,08-12-2020,43730.24
200003604,Rebecca Mathis,Female,46,Scotland,Other,07-12-2020,43705.96
200003972,Dylan Taylor,Male,42,Scotland,Blue Collar,27-12-2020,43693.07
300002927,Deirdre Fraser,Female,34,Wales,White Collar,30-10-2020,43689.43
100001774,Victor Gray,Male,34,England,White Collar,25-08-2020,43670.72
100003417,Liam Robertson,Male,42,England,White Collar,28-11-2020,43621.9
200003547,David Hemmings,Male,40,Scotland,Blue Collar,04-12-2020,43604.8
200002374,Connor King,Male,38,Scotland,Blue Collar,29-09-2020,43582.09
100002081,Alison Edmunds,Female,39,England,White Collar,16-09-2020,43546.78
100003335,Anne Wilkins,Female,30,England,White Collar,24-11-2020,43545.03
300003106,Sam Underwood,Male,32,Wales,Blue Collar,10-11-2020,43532.66
200000587,Sebastian Forsyth,Male,51,Scotland,Blue Collar,19-05-2020,43526.55
300003442,Stewart Marshall,Male,34,Wales,Other,29-11-2020,43520.9
100001041,Connor May,Male,41,England,White Collar,30-06-2020,43488.59
100001849,Cameron Roberts,Male,33,England,Other,30-08-2020,43473.64
100001417,Audrey Robertson,Female,37,England,Blue Collar,28-07-2020,43420.7
100003922,Jack Marshall,Male,36,England,White Collar,24-12-2020,43385.17
400003037,Megan Russell,Female,42,Northern Ireland,Other,05-11-2020,43376.23
100003516,Boris Powell,Male,34,England,White Collar,03-12-2020,43370.71
200003822,Matt Murray,Male,53,Scotland,White Collar,19-12-2020,43361.73
300000527,Mary Stewart,Female,32,Wales,White Collar,16-05-2020,43353.84
400002846,Lauren MacLeod,Female,32,Northern Ireland,White Collar,26-10-2020,43325.65
100001802,Amanda Coleman,Female,41,England,Blue Collar,27-08-2020,43298.43
200002409,Alan Peters,Male,53,Scotland,Blue Collar,01-10-2020,43276.26
300001409,Oliver Reid,Male,39,Wales,White Collar,27-07-2020,43262.53
300001538,Una Bailey,Female,47,Wales,White Collar,07-08-2020,43260.49
100002819,Adam Hamilton,Male,37,England,White Collar,26-10-2020,43254.96
200000026,Richard Fraser,Male,55,Scotland,Blue Collar,21-01-2020,43249.26
100000123,Harry Short,Male,50,England,White Collar,31-03-2020,43234.21
200003623,Anne Chapman,Female,54,Scotland,Other,09-12-2020,43204.63
200001837,Max Springer,Male,53,Scotland,White Collar,29-08-2020,43176.47
200001379,Alan Mackay,Male,56,Scotland,Blue Collar,25-07-2020,43145.1
100001325,Yvonne Mitchell,Female,35,England,White Collar,22-07-2020,43139.15
100002135,Connor Bond,Male,27,England,Blue Collar,19-09-2020,43117.33
100000320,Ryan Morrison,Male,34,England,White Collar,27-04-2020,42984.36
100002429,Diana Alsop,Female,43,England,White Collar,03-10-2020,42972.72
100001226,Michelle King,Female,32,England,Blue Collar,15-07-2020,42968.77
100003781,Jason MacDonald,Male,32,England,White Collar,17-12-2020,42956.77
100003382,Lauren Young,Female,41,England,White Collar,27-11-2020,42914.08
100003760,Olivia Skinner,Female,27,England,White Collar,16-12-2020,42901.77
100000007,Dorothy Thomson,Female,34,England,Blue Collar,11-01-2020,42879.84
200003428,Dan Morgan,Male,61,Scotland,Blue Collar,28-11-2020,42862.41
200002057,Peter Vance,Male,50,Scotland,Blue Collar,14-09-2020,42830.98
300003536,Joe Alsop,Male,30,Wales,Blue Collar,03-12-2020,42827
100001804,Una Terry,Female,38,England,White Collar,27-08-2020,42816.16
100001616,Sophie Graham,Female,25,England,White Collar,14-08-2020,42773.9
200001991,Bernadette Alsop,Female,45,Scotland,White Collar,10-09-2020,42756.92
300003846,Elizabeth Payne,Female,35,Wales,Other,20-12-2020,42743
100001947,Carolyn Tucker,Female,37,England,White Collar,07-09-2020,42737.83
100003112,Gordon Fisher,Male,30,England,White Collar,11-11-2020,42732.72
200002686,Victor Ogden,Male,57,Scotland,Blue Collar,18-10-2020,42706.66
100003197,Penelope Howard,Female,31,England,White Collar,15-11-2020,42662.04
200001510,Neil MacLeod,Male,49,Scotland,Blue Collar,04-08-2020,42654.47
100000229,Yvonne Johnston,Female,36,England,White Collar,15-04-2020,42635.27
300000668,Anthony Ellison,Male,33,Wales,White Collar,24-05-2020,42548.69
100002120,Fiona Welch,Female,23,England,Other,18-09-2020,42510.95
200002580,Harry Greene,Male,61,Scotland,Other,12-10-2020,42472.71
300002689,Nathan Smith,Male,31,Wales,Blue Collar,18-10-2020,42471.07
200003031,Simon Abraham,Male,40,Scotland,Blue Collar,05-11-2020,42462.18
100001268,Wanda Jackson,Female,37,England,Blue Collar,19-07-2020,42453.12
100003115,Brian Jackson,Male,34,England,White Collar,11-11-2020,42429.24
100000089,Michelle Ellison,Female,24,England,White Collar,16-03-2020,42409.89
100001040,William Bond,Male,28,England,White Collar,30-06-2020,42331.5
200000983,Jessica Rutherford,Female,37,Scotland,Other,24-06-2020,42322.58
100001532,Paul Glover,Male,51,England,Blue Collar,07-08-2020,42316.94
100000935,Felicity Miller,Female,32,England,Other,20-06-2020,42248.4
200000821,Charles Underwood,Male,53,Scotland,Blue Collar,06-06-2020,42226.31
100000137,Sarah Wallace,Female,43,England,White Collar,02-04-2020,42207.46
100002504,Amelia Powell,Female,35,England,Other,08-10-2020,42162.2
100003838,Samuel Baker,Male,36,England,White Collar,20-12-2020,42161.49
100004008,Sam Sanderson,Male,28,England,Blue Collar,30-12-2020,42128.29
300003432,Jennifer Randall,Female,40,Wales,White Collar,28-11-2020,42073.13
200003723,Blake Watson,Male,61,Scotland,Blue Collar,14-12-2020,42052.1
100003727,Nathan Bailey,Male,31,England,White Collar,15-12-2020,42049.89
300002566,William Piper,Male,30,Wales,Blue Collar,11-10-2020,42008.82
200003862,Nathan Turner,Male,42,Scotland,Blue Collar,21-12-2020,41989.44
100000918,Deirdre Nolan,Female,24,England,White Collar,19-06-2020,41988.65
100002088,Phil Miller,Male,34,England,Blue Collar,16-09-2020,41924.07
300001893,Leah Glover,Female,35,Wales,Blue Collar,02-09-2020,41917.78
100003458,Claire Bond,Female,45,England,White Collar,30-11-2020,41909.74
100003490,Thomas Rutherford,Male,29,England,Blue Collar,02-12-2020,41898.47
100002065,Victoria Abraham,Female,29,England,Other,15-09-2020,41897.53
100001396,Diane Powell,Female,32,England,Blue Collar,27-07-2020,41881.91
100003556,Katherine Quinn,Female,36,England,White Collar,05-12-2020,41867.19
100003228,Stewart Jackson,Male,27,England,White Collar,17-11-2020,41775.2
100002882,Yvonne Marshall,Female,30,England,White Collar,29-10-2020,41750.17
100001235,Natalie Wilson,Female,33,England,White Collar,16-07-2020,41722.55
200002329,Claire Nolan,Female,53,Scotland,Other,27-09-2020,41704.56
100003966,Alison Gill,Female,21,England,Blue Collar,27-12-2020,41703.21
100002707,Karen Ferguson,Female,49,England,Other,20-10-2020,41652.84
100002545,Tim Brown,Male,36,England,White Collar,10-10-2020,41643.52
100003641,Gordon Hill,Male,34,England,White Collar,10-12-2020,41640.88
100000052,Kimberly James,Female,31,England,Blue Collar,12-02-2020,41626.25
100002228,Katherine Marshall,Female,34,England,White Collar,24-09-2020,41588.81
300000394,Julia Scott,Female,42,Wales,Blue Collar,06-05-2020,41572.1
100002823,Rachel Knox,Female,41,England,Other,26-10-2020,41566.38
200003290,Amelia Clarkson,Female,43,Scotland,Other,21-11-2020,41538.28
200000479,Connor MacLeod,Male,43,Scotland,Other,13-05-2020,41525.24
100001171,Sean Manning,Male,41,England,White Collar,12-07-2020,41511.86
300000073,Hannah White,Female,36,Wales,White Collar,12-02-2020,41442.1
100003935,Jackson Poole,Male,36,England,White Collar,25-12-2020,41423.78
100002547,Amanda Hart,Female,25,England,White Collar,10-10-2020,41415.13
100002523,Jake May,Male,40,England,Blue Collar,09-10-2020,41371.52
100002719,Justin Kerr,Male,45,England,Other,21-10-2020,41348.08
200002069,Christian Mathis,Male,54,Scotland,Blue Collar,15-09-2020,41314.33
100002909,Jake Stewart,Male,35,England,White Collar,30-10-2020,41292.98
200001030,Peter Avery,Male,58,Scotland,Other,29-06-2020,41285.8
400000449,Edward Buckland,Male,30,Northern Ireland,White Collar,11-05-2020,41273.45
400000737,Katherine Clark,Female,38,Northern Ireland,Other,29-05-2020,41266.87
100001066,Michael MacDonald,Male,51,England,White Collar,03-07-2020,41266.34
100000273,Jake Skinner,Male,41,England,White Collar,18-04-2020,41250.67
100000253,Lauren Ball,Female,29,England,White Collar,17-04-2020,41237.66
100000603,Jane Walker,Female,31,England,White Collar,20-05-2020,41203.42
300002274,Jason Avery,Male,25,Wales,Other,24-09-2020,41197.66
200001501,Frank Gibson,Male,45,Scotland,Blue Collar,03-08-2020,41160.57
100000334,Carolyn Roberts,Female,33,England,White Collar,29-04-2020,41128.52
200001071,Sebastian Lambert,Male,51,Scotland,White Collar,03-07-2020,41097.46
100000325,Boris Walker,Male,35,England,Other,28-04-2020,41080.73
100003764,Anna Roberts,Female,34,England,Blue Collar,16-12-2020,41064.35
100002083,Jason Wallace,Male,34,England,White Collar,16-09-2020,41060.69
100002916,John Arnold,Male,25,England,Other,30-10-2020,41058.11
200001118,Oliver Newman,Male,61,Scotland,Other,07-07-2020,40989.59
200001326,Natalie Coleman,Female,53,Scotland,Other,22-07-2020,40931.28
200000912,Brian Bower,Male,56,Scotland,Other,18-06-2020,40922.28
200000426,Andrew Jackson,Male,55,Scotland,Blue Collar,09-05-2020,40918.44
300000511,Felicity Wallace,Female,51,Wales,Blue Collar,15-05-2020,40918.08
100001004,Luke Lewis,Male,21,England,White Collar,27-06-2020,40886.21
200003695,Dylan Parr,Male,49,Scotland,Other,13-12-2020,40878.43
300002271,Christian Miller,Male,37,Wales,Other,24-09-2020,40862.92
300001855,Lily Graham,Female,27,Wales,Other,30-08-2020,40857.78
100000013,Ryan MacDonald,Male,24,England,White Collar,12-01-2020,40781.63
200002774,Megan Metcalfe,Female,43,Scotland,Blue Collar,24-10-2020,40769.29
200001486,Maria Metcalfe,Female,43,Scotland,Other,02-08-2020,40730.74
100003780,Phil Greene,Male,36,England,Blue Collar,17-12-2020,40728.66
200002564,Leah North,Female,54,Scotland,Other,11-10-2020,40691.52
100000187,Emma Parr,Female,46,England,White Collar,08-04-2020,40685.39
300003742,Neil Marshall,Male,22,Wales,White Collar,15-12-2020,40668.9
100002154,Virginia Springer,Female,29,England,White Collar,20-09-2020,40656.48
300000594,Joan Randall,Female,39,Wales,White Collar,19-05-2020,40637.13
100001492,Ian Henderson,Male,27,England,White Collar,03-08-2020,40625.59
100001209,Keith Bailey,Male,18,England,Blue Collar,14-07-2020,40572.06
100003449,Andrea Welch,Female,39,England,White Collar,30-11-2020,40554.67
100000989,Michelle McLean,Female,34,England,Other,25-06-2020,40542.83
200000387,Christian Blake,Male,56,Scotland,Blue Collar,06-05-2020,40540.01
300002265,Gabrielle Allan,Female,25,Wales,White Collar,24-09-2020,40535.16
100001085,Anne Kerr,Female,41,England,White Collar,05-07-2020,40523.18
100000881,Joan Nash,Female,38,England,Blue Collar,15-06-2020,40515.6
200000140,Keith Harris,Male,57,Scotland,Blue Collar,02-04-2020,40510.36
100002498,Carl Langdon,Male,30,England,White Collar,07-10-2020,40488.29
200001077,Alexander Hardacre,Male,48,Scotland,Other,04-07-2020,40487.71
100000133,Ruth Bower,Female,38,England,White Collar,02-04-2020,40456.97
100002642,Adrian Brown,Male,38,England,Other,16-10-2020,40414.88
300003804,David Anderson,Male,34,Wales,White Collar,18-12-2020,40380.07
100000143,Luke Ball,Male,45,England,Other,03-04-2020,40379.31
200002790,Sebastian Avery,Male,58,Scotland,Other,25-10-2020,40378.63
100003808,Sebastian Robertson,Male,35,England,White Collar,19-12-2020,40309.87
100001919,Yvonne Martin,Female,29,England,White Collar,05-09-2020,40307.9
100000064,Bernadette Gibson,Female,39,England,White Collar,12-02-2020,40305.24
100000854,Carl Clark,Male,42,England,White Collar,12-06-2020,40303.71
100001475,Irene Blake,Female,36,England,White Collar,01-08-2020,40233.57
100001525,Justin Watson,Male,23,England,White Collar,06-08-2020,40230.42
100003474,William Russell,Male,45,England,White Collar,01-12-2020,40200.6
100003389,Sonia Hunter,Female,33,England,Blue Collar,27-11-2020,40186.04
200001376,Matt Martin,Male,48,Scotland,Other,25-07-2020,40174.57
400001630,Nicola Pullman,Female,28,Northern Ireland,Other,14-08-2020,40163.92
100002931,Joan Newman,Female,31,England,White Collar,31-10-2020,40138.75
200001989,Hannah Henderson,Female,48,Scotland,Other,10-09-2020,40137.73
100000996,Paul Bower,Male,34,England,White Collar,26-06-2020,40109.99
100002852,Amanda Randall,Female,35,England,Blue Collar,27-10-2020,40095.85
300002490,Max Parr,Male,31,Wales,Blue Collar,06-10-2020,40081.67
300000552,Bernadette Ferguson,Female,38,Wales,White Collar,18-05-2020,40078.58
400002337,Victoria Powell,Female,40,Northern Ireland,White Collar,27-09-2020,40064.67
100003682,David Watson,Male,28,England,White Collar,13-12-2020,40037.6
200002442,Blake Forsyth,Male,52,Scotland,Blue Collar,03-10-2020,40011.42
100000369,Joan Quinn,Female,38,England,White Collar,05-05-2020,40010.06
300003549,Felicity Lawrence,Female,44,Wales,Other,04-12-2020,39986.1
300000650,Abigail Short,Female,26,Wales,Blue Collar,23-05-2020,39944.64
200001245,Olivia Metcalfe,Female,59,Scotland,Other,16-07-2020,39943.69
300004000,Benjamin Ellison,Male,40,Wales,White Collar,29-12-2020,39935.98
100000723,Justin Campbell,Male,43,England,White Collar,29-05-2020,39923.4
200001868,Alexandra Alsop,Female,48,Scotland,Other,31-08-2020,39884.78
200002092,Carl Howard,Male,48,Scotland,Blue Collar,16-09-2020,39883.56
100001493,Dominic Hughes,Male,27,England,Blue Collar,03-08-2020,39881.74
200003996,Christopher Clarkson,Male,55,Scotland,Blue Collar,29-12-2020,39834.95
300000779,Deirdre Parsons,Female,36,Wales,White Collar,01-06-2020,39797.91
100001470,Colin May,Male,43,England,Blue Collar,01-08-2020,39702.48
200000664,Harry Hodges,Male,38,Scotland,White Collar,24-05-2020,39702.17
300001392,Joanne Wright,Female,35,Wales,White Collar,26-07-2020,39692.86
100003891,Kylie Roberts,Female,37,England,White Collar,23-12-2020,39673.84
100000011,Dominic Lewis,Male,40,England,White Collar,12-01-2020,39667.83
100002731,Heather Cornish,Female,36,England,Other,22-10-2020,39639.3
200003296,Ryan Ince,Male,26,Scotland,Blue Collar,21-11-2020,39625.37
100002437,Phil Jackson,Male,33,England,White Collar,03-10-2020,39625
200002829,Liam Buckland,Male,55,Scotland,Blue Collar,26-10-2020,39603.99
200002176,Lisa Sharp,Female,28,Scotland,Blue Collar,21-09-2020,39597.2
300000633,Piers Miller,Male,42,Wales,White Collar,22-05-2020,39588.61
400001344,Sebastian Scott,Male,26,Northern Ireland,Other,22-07-2020,39569.45
200001777,Theresa Terry,Female,49,Scotland,White Collar,25-08-2020,39552.66
100001383,Hannah Jackson,Female,30,England,White Collar,26-07-2020,39515
100001820,Edward Clarkson,Male,27,England,White Collar,28-08-2020,39495.99
200003424,Abigail Blake,Female,50,Scotland,White Collar,28-11-2020,39460.72
100002546,Dan Thomson,Male,48,England,Other,10-10-2020,39445.7
100001167,Robert Black,Male,35,England,Other,12-07-2020,39428.53
200002988,Blake Wallace,Male,58,Scotland,Blue Collar,02-11-2020,39415.54
100002155,Dylan Skinner,Male,36,England,White Collar,20-09-2020,39384.83
300003344,Molly Simpson,Female,35,Wales,White Collar,24-11-2020,39380.29
100003710,Sarah Lawrence,Female,25,England,Other,14-12-2020,39374.75
200001199,Jake Ball,Male,48,Scotland,Blue Collar,13-07-2020,39352.22
200000406,Ian May,Male,39,Scotland,Blue Collar,07-05-2020,39343.24
100003315,Amanda Poole,Female,29,England,White Collar,23-11-2020,39324.22
100002004,Maria Rutherford,Female,28,England,White Collar,11-09-2020,39275.12
300000238,Dorothy Miller,Female,27,Wales,Other,16-04-2020,39264.03
200001712,Christian Fisher,Male,41,Scotland,Blue Collar,22-08-2020,39250.53
100000231,Audrey McGrath,Female,45,England,White Collar,15-04-2020,39249.25
200001351,Adrian Knox,Male,45,Scotland,Blue Collar,23-07-2020,39198.79
100000788,Kylie Lawrence,Female,47,England,White Collar,03-06-2020,39175.76
100002677,Jan McLean,Female,38,England,White Collar,18-10-2020,39171.72
100000121,Ian Slater,Male,37,England,White Collar,31-03-2020,39159.35
100002627,John Wright,Male,47,England,White Collar,15-10-2020,39124.62
400002717,Wanda Dyer,Female,31,Northern Ireland,Blue Collar,20-10-2020,39120.91
100002467,Mary Brown,Female,35,England,Blue Collar,05-10-2020,39047.45
100001207,Sebastian Piper,Male,35,England,Blue Collar,14-07-2020,39044.93
100003499,Diane Rutherford,Female,34,England,Other,03-12-2020,39040.73
100000050,Charles Nolan,Male,39,England,White Collar,12-02-2020,39034.14
100002237,Sebastian May,Male,36,England,White Collar,24-09-2020,39028.74
100002140,Penelope Bell,Female,43,England,Other,19-09-2020,38986.48
200003462,Gavin Welch,Male,44,Scotland,White Collar,30-11-2020,38971.83
100002157,Colin Bell,Male,28,England,Other,20-09-2020,38926.37
100001507,Lillian Mitchell,Female,28,England,White Collar,04-08-2020,38920.96
200001938,Wendy Bailey,Female,42,Scotland,Other,06-09-2020,38905.96
100000031,Megan Bell,Female,25,England,White Collar,28-01-2020,38889.76
400000691,Jacob Clarkson,Male,18,Northern Ireland,White Collar,26-05-2020,38879.77
100001914,Adam James,Male,23,England,White Collar,05-09-2020,38866.87
200001775,Sean Marshall,Male,51,Scotland,Blue Collar,25-08-2020,38865.85
100001166,Boris Sharp,Male,36,England,White Collar,12-07-2020,38836.01
100000879,Ryan Russell,Male,31,England,White Collar,15-06-2020,38820.41
100003539,Stewart Langdon,Male,39,England,White Collar,04-12-2020,38806.91
400000488,Sue Morrison,Female,35,Northern Ireland,Other,13-05-2020,38769.69
100000078,Diane Simpson,Female,36,England,Other,10-03-2020,38715.45
300001131,Dorothy Howard,Female,32,Wales,White Collar,08-07-2020,38704.52
200002649,Kevin Sutherland,Male,44,Scotland,Blue Collar,16-10-2020,38646.92
100000883,Sarah Skinner,Female,42,England,White Collar,15-06-2020,38638.28
100000413,Boris Burgess,Male,24,England,Blue Collar,08-05-2020,38590.44
200000962,Joe Murray,Male,50,Scotland,Blue Collar,21-06-2020,38577.66
200003904,Dorothy Davidson,Female,57,Scotland,Other,23-12-2020,38534.15
300001742,Wanda Clarkson,Female,18,Wales,White Collar,23-08-2020,38462.35
300003411,David Terry,Male,46,Wales,Other,27-11-2020,38460.8
100001364,Karen Alsop,Female,35,England,Blue Collar,25-07-2020,38448.21
200003618,Lillian Wilkins,Female,49,Scotland,Other,08-12-2020,38447.9
100002794,Mary Davidson,Female,45,England,Blue Collar,26-10-2020,38404.23
100001878,Carol Bond,Female,31,England,Blue Collar,01-09-2020,38379.6
100002242,Richard Burgess,Male,31,England,White Collar,24-09-2020,38361.91
200003085,Jan McDonald,Female,43,Scotland,Other,09-11-2020,38308.54
100002610,Adrian Randall,Male,40,England,White Collar,14-10-2020,38282.11
200002122,Leah Oliver,Female,47,Scotland,Other,18-09-2020,38258.98
100000884,Lisa Turner,Female,24,England,White Collar,15-06-2020,38243.22
100003021,Samantha Slater,Female,43,England,Blue Collar,05-11-2020,38227.22
100001949,Trevor May,Male,29,England,White Collar,07-09-2020,38139.7
100001545,Nicholas Thomson,Male,30,England,White Collar,08-08-2020,38121.48
100003223,Peter May,Male,45,England,White Collar,17-11-2020,38098.76
200002754,Oliver Walker,Male,37,Scotland,Blue Collar,23-10-2020,38096.55
300003248,Joseph Newman,Male,30,Wales,Blue Collar,17-11-2020,38093.36
300002266,Stewart Alsop,Male,33,Wales,Other,24-09-2020,38089.79
100000835,Leonard Gibson,Male,40,England,White Collar,09-06-2020,38087.63
300000666,Alan Forsyth,Male,35,Wales,Blue Collar,24-05-2020,38041.18
100003024,Michelle Morgan,Female,41,England,White Collar,05-11-2020,38019.49
200003238,Madeleine James,Female,43,Scotland,Other,17-11-2020,38012.27
400002211,Amy Graham,Female,27,Northern Ireland,Other,23-09-2020,37985.87
100000201,Oliver Dickens,Male,34,England,Other,12-04-2020,37985.15
100002543,Sally Poole,Female,19,England,White Collar,10-10-2020,37946.24
100002765,Rose May,Female,32,England,Blue Collar,24-10-2020,37935.65
200003529,Sue Underwood,Female,32,Scotland,Other,03-12-2020,37920.84
200001424,Phil Nolan,Male,42,Scotland,Blue Collar,28-07-2020,37912.46
100003573,Lisa Manning,Female,22,England,Blue Collar,06-12-2020,37906.5
400001754,Sally Ogden,Female,36,Northern Ireland,White Collar,23-08-2020,37892.43
400000115,Ruth Oliver,Female,43,Northern Ireland,Blue Collar,16-03-2020,37889.38
100001421,Pippa Langdon,Female,38,England,White Collar,28-07-2020,37866.52
100000288,Liam King,Male,37,England,White Collar,21-04-2020,37857
300001186,Bernadette Wilson,Female,26,Wales,White Collar,12-07-2020,37830.67
200001765,Gavin Dyer,Male,52,Scotland,Other,24-08-2020,37817.35
100001875,Evan Hardacre,Male,40,England,Blue Collar,01-09-2020,37812.73
200003857,Joshua Morrison,Male,50,Scotland,Blue Collar,21-12-2020,37788.14
100000808,Steven Davidson,Male,41,England,White Collar,05-06-2020,37768.87
200001810,Jason Campbell,Male,33,Scotland,Other,27-08-2020,37752.35
100002201,Phil Ross,Male,40,England,White Collar,23-09-2020,37713.23
100003879,Wendy Stewart,Female,36,England,White Collar,23-12-2020,37684.71
100003221,Leonard Rutherford,Male,37,England,White Collar,17-11-2020,37670.59
200001792,Alexandra Bond,Female,53,Scotland,Other,26-08-2020,37604.23
200003694,Christopher Graham,Male,39,Scotland,Blue Collar,13-12-2020,37602.39
300002502,Jane MacLeod,Female,26,Wales,White Collar,07-10-2020,37590.69
300001780,Virginia Rampling,Female,36,Wales,White Collar,25-08-2020,37585.24
300000718,Colin Hill,Male,32,Wales,White Collar,28-05-2020,37564.21
100002724,Chloe McGrath,Female,33,England,White Collar,21-10-2020,37520.39
300003909,Matt Clarkson,Male,37,Wales,White Collar,23-12-2020,37483.99
100002875,Connor Miller,Male,59,England,Other,29-10-2020,37483.44
100003917,Audrey Walsh,Female,29,England,White Collar,24-12-2020,37466.44
100002881,Sam Gibson,Male,42,England,White Collar,29-10-2020,37456.5
300001080,Adam Ince,Male,44,Wales,Blue Collar,04-07-2020,37449.47
200003336,Kevin Stewart,Male,53,Scotland,Other,24-11-2020,37425.23
100003364,Evan Quinn,Male,35,England,Blue Collar,26-11-2020,37326.33
200003295,Jake Ball,Male,51,Scotland,Other,21-11-2020,37322.47
200001328,Blake Arnold,Male,44,Scotland,Blue Collar,22-07-2020,37315.31
100003025,Sally Randall,Female,37,England,Other,05-11-2020,37294.08
100002231,Una Paterson,Female,32,England,White Collar,24-09-2020,37281.32
300002727,Evan Davies,Male,34,Wales,Blue Collar,21-10-2020,37254.18
200002143,Luke Martin,Male,40,Scotland,Other,19-09-2020,37247.66
300001339,Alexandra Skinner,Female,40,Wales,Other,22-07-2020,37204.58
100000892,Christopher Anderson,Male,27,England,White Collar,16-06-2020,37191.94
200003702,Jake Alsop,Male,47,Scotland,Other,13-12-2020,37150.04
100002478,Diane May,Female,38,England,Other,06-10-2020,37142.39
200001463,Katherine Sanderson,Female,38,Scotland,Other,31-07-2020,37115.03
200003542,Harry Sharp,Male,35,Scotland,Blue Collar,04-12-2020,37041.11
100003204,Piers Newman,Male,29,England,Blue Collar,16-11-2020,37027.41
200001809,Hannah Clark,Female,54,Scotland,Other,27-08-2020,37009.51
200000267,Luke MacLeod,Male,55,Scotland,Other,17-04-2020,36993.45
100003989,Tim Berry,Male,26,England,White Collar,29-12-2020,36964.26
300001750,Diana Piper,Female,48,Wales,White Collar,23-08-2020,36947.59
200000386,Edward Marshall,Male,51,Scotland,Other,06-05-2020,36923.01
400000002,Jasmine Miller,Female,34,Northern Ireland,Blue Collar,06-01-2020,36919.73
300002273,Nathan Wright,Male,46,Wales,Blue Collar,24-09-2020,36919.09
100000477,Chloe MacLeod,Female,31,England,White Collar,13-05-2020,36911.96
200002204,Joan Howard,Female,44,Scotland,White Collar,23-09-2020,36903.95
200001791,Joshua Paterson,Male,42,Scotland,Blue Collar,26-08-2020,36871.21
100001917,Piers Fraser,Male,22,England,Blue Collar,05-09-2020,36867.33
400000473,James Kerr,Male,32,Northern Ireland,Other,12-05-2020,36854.57
100003518,Audrey Morgan,Female,28,England,White Collar,03-12-2020,36852.63
100003783,Christopher Rampling,Male,32,England,White Collar,17-12-2020,36780.87
200000864,Harry Hardacre,Male,58,Scotland,Blue Collar,13-06-2020,36743
200003527,Amanda Bower,Female,53,Scotland,Other,03-12-2020,36741.01
300001700,Brandon Hamilton,Male,37,Wales,Blue Collar,21-08-2020,36731.86
100002232,Sonia Roberts,Female,33,England,Other,24-09-2020,36709.9
200001598,Peter Manning,Male,51,Scotland,Blue Collar,12-08-2020,36707.21
100001654,Victoria Edmunds,Female,18,England,White Collar,18-08-2020,36706.84
300000074,Oliver Simpson,Male,45,Wales,Other,12-02-2020,36696.92
100001582,Kimberly Ball,Female,43,England,White Collar,11-08-2020,36694.01
100002796,Alan Hill,Male,27,England,Blue Collar,26-10-2020,36689.29
200000008,Lisa Knox,Female,48,Scotland,Other,11-01-2020,36680.17
100001122,Isaac Lawrence,Male,39,England,Other,08-07-2020,36666.7
300000510,Peter Scott,Male,27,Wales,White Collar,15-05-2020,36638.21
200001230,Alan Dowd,Male,49,Scotland,Blue Collar,15-07-2020,36624.84
100003585,Dominic Manning,Male,51,England,White Collar,07-12-2020,36622.39
200002837,Anne Russell,Female,52,Scotland,Other,26-10-2020,36607.23
400000398,Nicola Ferguson,Female,37,Northern Ireland,Other,06-05-2020,36603.02
100000141,Angela Wright,Female,45,England,White Collar,03-04-2020,36584.21
100002606,Michael Johnston,Male,29,England,White Collar,14-10-2020,36582.31
300001165,Piers Parsons,Male,35,Wales,White Collar,11-07-2020,36572.74
200002427,Stephanie Randall,Female,40,Scotland,Other,02-10-2020,36530.74
100002366,Stephen Oliver,Male,31,England,White Collar,29-09-2020,36528.38
100001153,Evan Bond,Male,47,England,White Collar,11-07-2020,36493.69
100001970,Joshua Lewis,Male,34,England,Blue Collar,09-09-2020,36464.31
100000826,Sean Burgess,Male,35,England,White Collar,07-06-2020,36442.3
100001109,Natalie Alsop,Female,33,England,White Collar,07-07-2020,36425.21
200003405,Sebastian Paterson,Male,63,Scotland,Blue Collar,27-11-2020,36409.2
100000499,Deirdre Greene,Female,42,England,Other,15-05-2020,36354.73
100003307,Jasmine Howard,Female,53,England,Other,23-11-2020,36319.75
100003942,Ruth Rutherford,Female,37,England,White Collar,26-12-2020,36318.15
100002006,Keith Wilson,Male,27,England,Other,11-09-2020,36303.3
100001241,Melanie Dickens,Female,49,England,Blue Collar,16-07-2020,36294.12
100003362,Wanda Mills,Female,45,England,Other,26-11-2020,36293
200003651,Blake Jackson,Male,63,Scotland,Blue Collar,10-12-2020,36281.44
100000156,Charles Roberts,Male,24,England,Other,05-04-2020,36256.2
200002834,Sally Simpson,Female,46,Scotland,Other,26-10-2020,36237.59
100002512,Vanessa Alsop,Female,41,England,White Collar,08-10-2020,36174.14
200001115,David Bower,Male,48,Scotland,Blue Collar,07-07-2020,36171.83
200003860,Joe Welch,Male,61,Scotland,Blue Collar,21-12-2020,36149.33
100001579,Trevor Peake,Male,43,England,Blue Collar,11-08-2020,36109.27
100003198,Harry Lyman,Male,29,England,Other,15-11-2020,36086.9
100003113,Alan Mackenzie,Male,25,England,White Collar,11-11-2020,36021.53
100003852,Julian MacLeod,Male,34,England,Blue Collar,21-12-2020,36020.52
100002968,Zoe Anderson,Female,33,England,White Collar,01-11-2020,36017.49
100003577,Adrian Tucker,Male,33,England,Blue Collar,06-12-2020,36003.1
100002531,Bella Dowd,Female,38,England,White Collar,09-10-2020,35992.01
100003059,Lucas Rutherford,Male,24,England,White Collar,08-11-2020,35939.96
200000103,Nicola Powell,Female,55,Scotland,White Collar,16-03-2020,35939.04
200000072,Angela Roberts,Female,51,Scotland,Other,12-02-2020,35937.38
200000590,Stephen Fisher,Male,53,Scotland,Blue Collar,19-05-2020,35898.96
100001154,Carol Hunter,Female,32,England,White Collar,11-07-2020,35888.1
200001567,John Wilkins,Male,48,Scotland,Blue Collar,10-08-2020,35874.31
200000801,Karen MacDonald,Female,53,Scotland,White Collar,04-06-2020,35865.54
300002583,Caroline Sanderson,Female,36,Wales,White Collar,12-10-2020,35852.79
100000058,Piers Morgan,Male,44,England,White Collar,12-02-2020,35831.2
200000505,Brandon Peake,Male,42,Scotland,Blue Collar,15-05-2020,35821.21
200000069,Jason Sharp,Male,53,Scotland,Blue Collar,12-02-2020,35751.37
100003921,Isaac Buckland,Male,37,England,White Collar,24-12-2020,35743.13
200003524,Dominic Taylor,Male,42,Scotland,Other,03-12-2020,35698.04
100000908,Christopher Peake,Male,31,England,White Collar,18-06-2020,35693.86
100000570,Nicola Hill,Female,34,England,Other,19-05-2020,35679.31
200000549,Frank Poole,Male,55,Scotland,Other,18-05-2020,35657.25
100000005,Deirdre Pullman,Female,38,England,Blue Collar,09-01-2020,35639.79
300000688,Wendy Piper,Female,33,Wales,White Collar,26-05-2020,35636.26
100001584,Tim Davidson,Male,33,England,White Collar,11-08-2020,35607.63
300003908,Angela Walsh,Female,28,Wales,White Collar,23-12-2020,35567.66
200001512,James Thomson,Male,43,Scotland,Blue Collar,04-08-2020,35520.18
100003869,Ivan Taylor,Male,27,England,White Collar,22-12-2020,35451.37
300000753,David Mills,Male,34,Wales,Other,30-05-2020,35449.82
300003073,Neil Harris,Male,31,Wales,White Collar,08-11-2020,35448.77
100001054,Nicholas Churchill,Male,43,England,White Collar,02-07-2020,35417.02
100003503,Abigail Abraham,Female,48,England,White Collar,03-12-2020,35410.35
200002470,Adam Bell,Male,61,Scotland,Other,05-10-2020,35341.04
100002807,Charles MacLeod,Male,32,England,Blue Collar,26-10-2020,35293.03
100000873,Chloe McDonald,Female,30,England,White Collar,14-06-2020,35243.71
100003947,Isaac Peters,Male,46,England,Blue Collar,26-12-2020,35219.88
100002868,Jack Greene,Male,36,England,White Collar,28-10-2020,35195.63
200003128,Austin Brown,Male,49,Scotland,Blue Collar,11-11-2020,35192.83
200002009,Simon Sutherland,Male,52,Scotland,Other,11-09-2020,35191.56
200003337,Joanne Churchill,Female,48,Scotland,Other,24-11-2020,35190.96
200003954,Christopher Langdon,Male,56,Scotland,Other,26-12-2020,35180.1
100000322,Alison Lambert,Female,30,England,Other,27-04-2020,35117.34
200001148,Austin Randall,Male,60,Scotland,Blue Collar,10-07-2020,35082.21
200000415,Jake Miller,Male,45,Scotland,Blue Collar,08-05-2020,35076.06
100003485,Edward Lawrence,Male,21,England,White Collar,02-12-2020,35057.97
100001192,Leah Jones,Female,28,England,Other,13-07-2020,35052.06
200002412,David Parsons,Male,54,Scotland,Blue Collar,01-10-2020,34987.42
200001892,Stewart Hill,Male,41,Scotland,Blue Collar,02-09-2020,34985.76
100001788,Liam Dickens,Male,28,England,Blue Collar,26-08-2020,34984.35
200001639,Joan Wright,Female,57,Scotland,White Collar,16-08-2020,34948.54
200002040,Steven Langdon,Male,40,Scotland,White Collar,13-09-2020,34944.91
200002534,Fiona Scott,Female,52,Scotland,Blue Collar,09-10-2020,34890.3
100001851,Joe Springer,Male,30,England,White Collar,30-08-2020,34879.77
200000425,Joshua Ince,Male,45,Scotland,Other,09-05-2020,34870.84
300001746,Blake Johnston,Male,37,Wales,White Collar,23-08-2020,34838.68
100000796,Tracey Ogden,Female,28,England,White Collar,04-06-2020,34796.83
100001274,Stewart Grant,Male,37,England,White Collar,20-07-2020,34786.14
200002332,Warren Quinn,Male,54,Scotland,Blue Collar,27-09-2020,34782.54
200002565,Dylan Hemmings,Male,50,Scotland,Blue Collar,11-10-2020,34772.99
200003674,Emily Russell,Female,54,Scotland,Other,12-12-2020,34767.58
200002397,Paul Nash,Male,50,Scotland,Blue Collar,30-09-2020,34740.16
100002763,Lisa Martin,Female,33,England,White Collar,24-10-2020,34728.83
100003079,Dorothy Baker,Female,29,England,White Collar,09-11-2020,34725.59
100002805,Bella Pullman,Female,31,England,White Collar,26-10-2020,34720.54
400002907,Ryan Welch,Male,30,Northern Ireland,Blue Collar,29-10-2020,34718.68
200000804,Yvonne Burgess,Female,46,Scotland,White Collar,04-06-2020,34711.98
100002739,Nathan Springer,Male,40,England,White Collar,22-10-2020,34694.96
200003495,Jake Abraham,Male,54,Scotland,Other,02-12-2020,34664
200000458,Lucas Tucker,Male,59,Scotland,Blue Collar,12-05-2020,34640.4
100002948,Sophie Black,Female,36,England,White Collar,01-11-2020,34618.76
100002771,Ryan Clarkson,Male,27,England,White Collar,24-10-2020,34618.1
200000999,Kevin Dickens,Male,60,Scotland,Other,26-06-2020,34597.56
400000706,Samantha Mills,Female,28,Northern Ireland,White Collar,27-05-2020,34535.68
100003893,Lisa Terry,Female,20,England,White Collar,23-12-2020,34528.03
100003018,Jason McGrath,Male,26,England,White Collar,05-11-2020,34526.64
400000739,Yvonne Bower,Female,31,Northern Ireland,Other,29-05-2020,34515.67
100002692,Jan Clark,Female,39,England,Other,19-10-2020,34441.92
300000429,Trevor Reid,Male,37,Wales,Other,09-05-2020,34401.95
100002281,Leah Marshall,Female,49,England,White Collar,25-09-2020,34393.8
200003532,Olivia Baker,Female,47,Scotland,Other,03-12-2020,34391.3
100001242,Samantha Vaughan,Female,38,England,White Collar,16-07-2020,34385.32
100003762,Ryan McLean,Male,35,England,White Collar,16-12-2020,34377.4
100003634,Diane Pullman,Female,49,England,White Collar,10-12-2020,34375.08
100000215,Alan Murray,Male,39,England,Blue Collar,13-04-2020,34338.84
300000624,Tim Paterson,Male,40,Wales,Blue Collar,21-05-2020,34324.69
100002284,Michael Lewis,Male,29,England,Blue Collar,25-09-2020,34290.4
100001496,Jack Berry,Male,31,England,White Collar,03-08-2020,34212.84
100001605,Sonia Newman,Female,27,England,Other,13-08-2020,34178.68
300000528,Victoria Welch,Female,30,Wales,Other,16-05-2020,34170.61
200002548,Steven Arnold,Male,52,Scotland,Blue Collar,10-10-2020,34118.28
400002858,Vanessa Simpson,Female,18,Northern Ireland,White Collar,27-10-2020,34075.29
300001063,Dorothy Vaughan,Female,37,Wales,White Collar,02-07-2020,34072.27
100002340,William Graham,Male,37,England,White Collar,28-09-2020,34070.86
100003995,Karen McLean,Female,35,England,White Collar,29-12-2020,34046.5
100003508,Penelope Harris,Female,42,England,Blue Collar,03-12-2020,34017.93
300000613,Paul Ellison,Male,31,Wales,White Collar,20-05-2020,34008.59
100001304,Amy Ogden,Female,41,England,Blue Collar,22-07-2020,33934.22
200001734,Joshua Fraser,Male,46,Scotland,Other,23-08-2020,33915.03
300002758,Karen Ellison,Female,36,Wales,Other,23-10-2020,33899.52
200002977,Carol Brown,Female,45,Scotland,Other,01-11-2020,33898.15
100003020,Thomas Watson,Male,30,England,White Collar,05-11-2020,33885.07
100001969,Sebastian Lyman,Male,35,England,White Collar,09-09-2020,33838.37
200002102,Emily Underwood,Female,44,Scotland,Other,17-09-2020,33835.65
300001408,Tracey Hughes,Female,40,Wales,White Collar,27-07-2020,33801.26
200003703,Deirdre Mitchell,Female,28,Scotland,Other,13-12-2020,33797.54
100001135,Karen Kerr,Female,46,England,White Collar,09-07-2020,33779.41
200003239,Joanne Russell,Female,56,Scotland,White Collar,17-11-2020,33748.33
100001916,Michael Cornish,Male,37,England,White Collar,05-09-2020,33744.12
100002530,Megan Abraham,Female,39,England,White Collar,09-10-2020,33703.11
300000736,Anne Butler,Female,33,Wales,Blue Collar,29-05-2020,33670.19
200001778,Deirdre Simpson,Female,36,Scotland,Other,25-08-2020,33617.08
400001980,Harry Hudson,Male,29,Northern Ireland,Blue Collar,09-09-2020,33615.06
400000600,Nicola Graham,Female,24,Northern Ireland,Other,19-05-2020,33611.35
100002956,Neil Fisher,Male,36,England,White Collar,01-11-2020,33595.68
100002494,Samantha Nolan,Female,38,England,White Collar,07-10-2020,33589.65
100003230,Fiona McDonald,Female,39,England,Blue Collar,17-11-2020,33581.76
200003306,Sam Roberts,Male,35,Scotland,Other,22-11-2020,33575.8
200002123,Boris Bell,Male,32,Scotland,Blue Collar,18-09-2020,33570.99
100001401,Grace Ellison,Female,29,England,Other,27-07-2020,33563.67
400002569,Adrian Mills,Male,28,Northern Ireland,Blue Collar,11-10-2020,33551.51
100003216,Nicola Watson,Female,32,England,White Collar,17-11-2020,33535.24
100000119,Vanessa Lyman,Female,18,England,White Collar,31-03-2020,33524.41
100000220,Maria Simpson,Female,38,England,Other,14-04-2020,33509.17
100002828,Jason Marshall,Male,27,England,Blue Collar,26-10-2020,33472.49
100003944,Dominic Peake,Male,27,England,White Collar,26-12-2020,33463.13
200003770,Kimberly Thomson,Female,55,Scotland,Blue Collar,16-12-2020,33460.57
300000593,Amanda Simpson,Female,33,Wales,Other,19-05-2020,33373.82
100002200,Phil Davies,Male,27,England,White Collar,23-09-2020,33355.25
200000522,Benjamin Sutherland,Male,41,Scotland,White Collar,16-05-2020,33345.11
100000797,Penelope Mackenzie,Female,29,England,Blue Collar,04-06-2020,33338.42
300003007,Katherine Duncan,Female,43,Wales,White Collar,03-11-2020,33336.87
100000308,John Campbell,Male,43,England,White Collar,24-04-2020,33311.31
100003614,Lillian Walsh,Female,42,England,White Collar,08-12-2020,33307.35
100002508,Gavin Sutherland,Male,42,England,White Collar,08-10-2020,33299.64
200002925,Jacob Marshall,Male,47,Scotland,Blue Collar,30-10-2020,33282.11
200000649,Isaac Quinn,Male,53,Scotland,Blue Collar,23-05-2020,33269.35
200003352,Jack Scott,Male,43,Scotland,Blue Collar,25-11-2020,33234.66
300001841,Emily Mills,Female,32,Wales,Blue Collar,29-08-2020,33207.29
100002240,Bernadette Wilkins,Female,36,England,White Collar,24-09-2020,33197.49
300003131,Fiona Hemmings,Female,44,Wales,White Collar,11-11-2020,33172.4
200002261,Neil Alsop,Male,50,Scotland,Other,24-09-2020,33161.08
100002184,Sam Ince,Male,35,England,White Collar,22-09-2020,33153.19
200002203,Warren Gray,Male,43,Scotland,Blue Collar,23-09-2020,33132.45
300002336,Heather Buckland,Female,27,Wales,White Collar,27-09-2020,33122.15
100000324,David Newman,Male,54,England,White Collar,27-04-2020,33113.21
100002880,Stephen Anderson,Male,48,England,White Collar,29-10-2020,33104.34
400001522,Jack Lewis,Male,35,Northern Ireland,Other,05-08-2020,33042.13
400001468,Robert Lawrence,Male,30,Northern Ireland,White Collar,31-07-2020,33024.7
200000339,Theresa Slater,Female,58,Scotland,Other,29-04-2020,33008.01
100002439,Eric Smith,Male,42,England,White Collar,03-10-2020,32973.73
100002230,Mary Hart,Female,22,England,White Collar,24-09-2020,32946.72
400000554,Carol Marshall,Female,26,Northern Ireland,Other,18-05-2020,32940.49
300001563,Oliver Wright,Male,49,Wales,White Collar,09-08-2020,32867.5
100003659,Andrea Wallace,Female,44,England,Other,11-12-2020,32865.62
300003299,Liam Simpson,Male,34,Wales,White Collar,21-11-2020,32851.32
300002448,Stephen Piper,Male,41,Wales,Blue Collar,03-10-2020,32837.02
300002314,Hannah Hill,Female,20,Wales,White Collar,26-09-2020,32823.6
200002058,Simon Wright,Male,47,Scotland,Blue Collar,14-09-2020,32801
200003612,Hannah Slater,Female,56,Scotland,Blue Collar,07-12-2020,32792.43
200000942,Richard Roberts,Male,40,Scotland,White Collar,20-06-2020,32790.32
100003272,Frank Rampling,Male,41,England,Other,20-11-2020,32715.84
200003427,Anthony Mills,Male,51,Scotland,Other,28-11-2020,32712.76
200002250,Ian Metcalfe,Male,48,Scotland,Other,24-09-2020,32709.97
100003874,Yvonne Simpson,Female,34,England,Blue Collar,23-12-2020,32700.03
100001381,Sebastian Allan,Male,30,England,Blue Collar,26-07-2020,32676.42
100000249,Brandon Bower,Male,43,England,White Collar,17-04-2020,32667.33
300000440,Sally Mitchell,Female,23,Wales,White Collar,10-05-2020,32658.92
200000674,William Lyman,Male,55,Scotland,Blue Collar,25-05-2020,32611.26
100002022,Oliver Poole,Male,37,England,White Collar,12-09-2020,32591.02
100001267,Kevin Buckland,Male,37,England,White Collar,19-07-2020,32570.65
100002181,Blake Turner,Male,32,England,White Collar,22-09-2020,32529.22
200003087,Lillian Oliver,Female,28,Scotland,Other,09-11-2020,32468.21
100000149,Dylan Davies,Male,33,England,White Collar,05-04-2020,32467.1
400001768,Sally Dyer,Female,29,Northern Ireland,Other,24-08-2020,32458.74
200003067,Stewart Davies,Male,51,Scotland,White Collar,08-11-2020,32448.94
300001444,Adam Wilkins,Male,29,Wales,Blue Collar,29-07-2020,32447.58
200002158,William McGrath,Male,61,Scotland,Other,20-09-2020,32439.6
300001813,Neil Jones,Male,39,Wales,White Collar,27-08-2020,32430.78
100001306,Faith Kerr,Female,33,England,Blue Collar,22-07-2020,32418.13
200003719,Michael Sanderson,Male,48,Scotland,Blue Collar,14-12-2020,32412.76
100001657,Dominic Nolan,Male,30,England,White Collar,18-08-2020,32400.35
100001592,Jonathan Vaughan,Male,32,England,White Collar,12-08-2020,32344.1
200001060,Julia Mathis,Female,46,Scotland,Other,02-07-2020,32324.22
100001676,Madeleine Bower,Female,27,England,Blue Collar,20-08-2020,32313.23
100003798,Victor White,Male,31,England,White Collar,18-12-2020,32293.11
100000012,Benjamin Grant,Male,39,England,White Collar,12-01-2020,32281.62
100002625,Leonard Sutherland,Male,33,England,White Collar,15-10-2020,32247.97
100000279,Blake Alsop,Male,42,England,White Collar,19-04-2020,32187.62
400001001,Grace Duncan,Female,31,Northern Ireland,Other,26-06-2020,32162.34
200000619,Alexander Abraham,Male,49,Scotland,Blue Collar,21-05-2020,32144.44
100003550,Penelope Chapman,Female,40,England,White Collar,05-12-2020,32141.32
100003513,Bernadette Black,Female,32,England,White Collar,03-12-2020,32135.05
100003809,Rose Coleman,Female,37,England,White Collar,19-12-2020,32132.56
100003597,Bernadette Kerr,Female,37,England,White Collar,07-12-2020,32122.47
300001952,Jasmine Coleman,Female,33,Wales,White Collar,07-09-2020,32106.88
100001932,Phil Roberts,Male,37,England,Other,06-09-2020,32063.76
300002747,Owen Bond,Male,30,Wales,White Collar,22-10-2020,32060.6
100003202,Abigail Walsh,Female,40,England,White Collar,16-11-2020,32051.33
300001591,Sean North,Male,28,Wales,White Collar,11-08-2020,32031.95
100002917,Lucas Butler,Male,33,England,White Collar,30-10-2020,31959.46
400001523,Ella Knox,Female,18,Northern Ireland,Blue Collar,05-08-2020,31948.6
200000866,James Gibson,Male,56,Scotland,Blue Collar,13-06-2020,31933.56
100001910,Jane Kerr,Female,38,England,White Collar,04-09-2020,31921.61
200000350,Isaac Kelly,Male,61,Scotland,Blue Collar,02-05-2020,31920.69
200002258,Megan Morgan,Female,50,Scotland,Other,24-09-2020,31918.02
100002183,Lillian Bond,Female,33,England,White Collar,22-09-2020,31896.91
100003520,Irene Burgess,Female,28,England,Blue Collar,03-12-2020,31878.71
100002404,Sean Duncan,Male,43,England,White Collar,01-10-2020,31840.24
200001766,Jasmine Dickens,Female,57,Scotland,Blue Collar,24-08-2020,31824.47
200000417,Andrew Murray,Male,37,Scotland,Blue Collar,08-05-2020,31821.23
300000021,Boris Johnston,Male,37,Wales,Other,16-01-2020,31778.9
300001255,Jane Rees,Female,39,Wales,White Collar,17-07-2020,31777.55
200002920,Luke Miller,Male,43,Scotland,Blue Collar,30-10-2020,31739.2
100002671,Diana Graham,Female,38,England,Blue Collar,18-10-2020,31728.14
100002992,Olivia Ogden,Female,18,England,White Collar,03-11-2020,31719.69
200001333,Justin Fisher,Male,55,Scotland,Blue Collar,22-07-2020,31708.22
100001772,Abigail Randall,Female,37,England,Other,25-08-2020,31706.03
100001898,Joseph Bower,Male,32,England,White Collar,03-09-2020,31681.14
100000036,Yvonne Thomson,Female,36,England,White Collar,31-01-2020,31680.67
100002406,Grace Ince,Female,32,England,White Collar,01-10-2020,31675.17
100000219,Alexander Ince,Male,25,England,White Collar,14-04-2020,31660.86
100000960,Abigail Allan,Female,36,England,White Collar,21-06-2020,31644.37
100001833,Oliver Kelly,Male,27,England,White Collar,29-08-2020,31637.34
100003615,Victor Ball,Male,36,England,White Collar,08-12-2020,31628.04
400003321,Molly Forsyth,Female,27,Northern Ireland,White Collar,23-11-2020,31618.56
300001577,Anne Abraham,Female,38,Wales,White Collar,10-08-2020,31609.57
100003920,Kylie Watson,Female,42,England,White Collar,24-12-2020,31581.7
200001912,Diana Lyman,Female,49,Scotland,Other,04-09-2020,31505.8
100000878,Felicity Metcalfe,Female,22,England,White Collar,15-06-2020,31498.96
100000847,Virginia Newman,Female,29,England,White Collar,11-06-2020,31495.71
100002559,Theresa Nolan,Female,32,England,White Collar,11-10-2020,31476.35
100001265,Lillian Sharp,Female,40,England,Blue Collar,19-07-2020,31439.06
100003927,Pippa Dowd,Female,40,England,White Collar,25-12-2020,31436.85
100002048,Sarah Wilson,Female,37,England,White Collar,14-09-2020,31435.65
200001374,David Piper,Male,52,Scotland,Blue Collar,25-07-2020,31428.98
100001348,Faith Jones,Female,35,England,White Collar,23-07-2020,31392.78
100003436,Julia Underwood,Female,36,England,Other,29-11-2020,31377.37
100003195,Yvonne Graham,Female,35,England,White Collar,15-11-2020,31376.37
100003895,Isaac Mitchell,Male,38,England,White Collar,23-12-2020,31323.94
200003183,Wanda Morgan,Female,30,Scotland,Other,14-11-2020,31311.45
300000689,Warren Ferguson,Male,33,Wales,White Collar,26-05-2020,31308.46
200003123,Dominic Knox,Male,52,Scotland,Blue Collar,11-11-2020,31275.84
100000338,Jake Dyer,Male,42,England,White Collar,29-04-2020,31273.66
200003923,Benjamin Hodges,Male,53,Scotland,Blue Collar,24-12-2020,31253.69
200003053,Anne Mackay,Female,39,Scotland,Other,07-11-2020,31245
200003561,Stephen McDonald,Male,30,Scotland,White Collar,05-12-2020,31231.03
100001387,Jack Churchill,Male,31,England,White Collar,26-07-2020,31181.91
200002788,Trevor Fraser,Male,53,Scotland,Blue Collar,25-10-2020,31175.46
400001906,Alison MacLeod,Female,28,Northern Ireland,Other,03-09-2020,31153.14
200002752,Sophie Howard,Female,57,Scotland,Other,23-10-2020,31148.7
100002658,Ruth Cornish,Female,37,England,White Collar,17-10-2020,31117.71
100002481,Julia Stewart,Female,25,England,Blue Collar,06-10-2020,31113.33
200002443,John Mathis,Male,58,Scotland,Blue Collar,03-10-2020,31082.12
100001315,Penelope Churchill,Female,28,England,White Collar,22-07-2020,31066.94
100003396,Jacob Dickens,Male,44,England,White Collar,27-11-2020,31063.54
100001621,Dominic Payne,Male,29,England,White Collar,14-08-2020,31044.8
300001873,Joanne Rutherford,Female,26,Wales,Other,31-08-2020,31028.36
100001449,Diane Wilkins,Female,27,England,Other,30-07-2020,30992.37
200000965,Julian Anderson,Male,52,Scotland,Blue Collar,21-06-2020,30981.38
300000487,Heather Ross,Female,19,Wales,White Collar,13-05-2020,30972.98
100003452,Edward Allan,Male,40,England,Blue Collar,30-11-2020,30954.9
400000601,Blake Anderson,Male,32,Northern Ireland,Blue Collar,19-05-2020,30923.45
200003823,Jason Gibson,Male,42,Scotland,Other,19-12-2020,30923.4
400001682,Lauren Jones,Female,31,Northern Ireland,Other,20-08-2020,30914.02
100000343,Eric Vance,Male,33,England,White Collar,30-04-2020,30907.61
300003726,Donna Hart,Female,38,Wales,White Collar,14-12-2020,30894.97
100001016,Joan Davidson,Female,37,England,White Collar,28-06-2020,30894.09
100003253,Ryan Lambert,Male,32,England,White Collar,18-11-2020,30865.97
100000476,Donna Robertson,Female,33,England,White Collar,13-05-2020,30862.64
300000168,Pippa Wilson,Female,30,Wales,White Collar,05-04-2020,30846.82
300001955,Sarah Scott,Female,41,Wales,Blue Collar,07-09-2020,30822.55
100003730,Anna Berry,Female,40,England,White Collar,15-12-2020,30815.39
100003231,Luke Burgess,Male,42,England,White Collar,17-11-2020,30797.77
100002373,Piers Greene,Male,34,England,Blue Collar,29-09-2020,30792.03
100000641,Amanda Payne,Female,38,England,Other,23-05-2020,30788.33
200001327,Kevin Grant,Male,44,Scotland,Other,22-07-2020,30778.33
200000696,Benjamin James,Male,44,Scotland,Other,27-05-2020,30742.33
100003887,Irene Piper,Female,38,England,White Collar,23-12-2020,30701.78
200002248,Warren Kerr,Male,19,Scotland,Other,24-09-2020,30691.82
200000833,Benjamin King,Male,54,Scotland,Blue Collar,08-06-2020,30687.34
300000685,Caroline Ross,Female,42,Wales,Blue Collar,26-05-2020,30630.24
100003815,Emily Scott,Female,36,England,White Collar,19-12-2020,30604.28
300001681,Leonard Tucker,Male,29,Wales,White Collar,20-08-2020,30556.05
100002000,Edward May,Male,39,England,White Collar,11-09-2020,30475.64
100000304,Andrea Jackson,Female,42,England,White Collar,24-04-2020,30474.69
100002384,Jessica Jackson,Female,33,England,White Collar,30-09-2020,30454.03
300001590,Brian Chapman,Male,21,Wales,White Collar,11-08-2020,30442.37
300002906,Trevor Brown,Male,31,Wales,Blue Collar,29-10-2020,30436.38
300003342,Chloe Reid,Female,28,Wales,White Collar,24-11-2020,30366.24
300002538,Vanessa Blake,Female,38,Wales,White Collar,09-10-2020,30345.62
200000910,Owen Henderson,Male,43,Scotland,Blue Collar,18-06-2020,30323.97
300004014,Stephen May,Male,33,Wales,Blue Collar,30-12-2020,30293.19
100003274,Colin Peake,Male,27,England,White Collar,20-11-2020,30268.33
100003451,Benjamin MacDonald,Male,36,England,White Collar,30-11-2020,30265.69
300000651,Una Jones,Female,46,Wales,White Collar,23-05-2020,30255.26
100002647,Joshua Hemmings,Male,39,England,White Collar,16-10-2020,30238.1
100003345,Colin Dyer,Male,38,England,White Collar,25-11-2020,30231.47
100003047,Cameron Parr,Male,33,England,White Collar,07-11-2020,30227.5
100001498,Fiona Springer,Female,32,England,White Collar,03-08-2020,30225.62
200003496,Owen Rampling,Male,43,Scotland,Blue Collar,02-12-2020,30216.11
100002740,Liam Edmunds,Male,30,England,White Collar,22-10-2020,30189.87
200003533,Steven Ince,Male,50,Scotland,White Collar,03-12-2020,30166.99
100003326,Megan Skinner,Female,35,England,Other,24-11-2020,30158.68
100003993,Joe Terry,Male,29,England,White Collar,29-12-2020,30158.03
100002229,Alan Buckland,Male,37,England,Blue Collar,24-09-2020,30147.28
400000676,Andrea Nolan,Female,22,Northern Ireland,Other,25-05-2020,30117.88
100002863,Michael Dyer,Male,36,England,White Collar,28-10-2020,30047.75
100003934,Anna Piper,Female,33,England,White Collar,25-12-2020,30045.02
100002526,Diana McGrath,Female,34,England,White Collar,09-10-2020,30002.9
400002551,Olivia Chapman,Female,43,Northern Ireland,Other,10-10-2020,29990.71
200000461,Alan Grant,Male,52,Scotland,White Collar,12-05-2020,29971.21
100003688,Penelope Anderson,Female,31,England,Blue Collar,13-12-2020,29943.33
100003665,Paul Baker,Male,46,England,White Collar,12-12-2020,29931.26
300003775,Sean Abraham,Male,29,Wales,Blue Collar,16-12-2020,29909.03
100000218,Theresa Grant,Female,29,England,White Collar,14-04-2020,29907.72
200001518,Grace Brown,Female,51,Scotland,Other,05-08-2020,29889.68
100001593,Hannah Churchill,Female,36,England,White Collar,12-08-2020,29876.68
200003244,Gordon White,Male,56,Scotland,Other,17-11-2020,29861.37
200002685,Chloe Avery,Female,49,Scotland,Other,18-10-2020,29854.64
200003625,Brian Burgess,Male,43,Scotland,Blue Collar,09-12-2020,29782.79
100002811,Amy Watson,Female,48,England,White Collar,26-10-2020,29774.99
100002475,Diane Newman,Female,25,England,White Collar,06-10-2020,29770.55
200003863,Owen Ball,Male,54,Scotland,Blue Collar,21-12-2020,29769.98
200001020,Carol Lee,Female,55,Scotland,Other,28-06-2020,29753.91
100002984,Austin Russell,Male,34,England,Other,02-11-2020,29745.48
100002338,Michael Langdon,Male,40,England,Blue Collar,28-09-2020,29733.42
200000945,Eric Payne,Male,62,Scotland,Blue Collar,20-06-2020,29719.47
200000938,Trevor Harris,Male,52,Scotland,Blue Collar,20-06-2020,29715
100001276,Richard McDonald,Male,38,England,White Collar,20-07-2020,29679.51
200003969,Bella Smith,Female,37,Scotland,Other,27-12-2020,29666.2
100003365,Rachel Bailey,Female,29,England,Other,26-11-2020,29654.53
400001816,Emily Alsop,Female,25,Northern Ireland,Other,27-08-2020,29644.65
200003441,William Harris,Male,42,Scotland,Blue Collar,29-11-2020,29640.92
300001184,Zoe Hemmings,Female,44,Wales,White Collar,12-07-2020,29607.52
100003613,Alexandra Greene,Female,34,England,White Collar,08-12-2020,29587.31
100003284,Victoria Greene,Female,35,England,White Collar,21-11-2020,29531.43
300000822,Leonard Fisher,Male,34,Wales,Blue Collar,06-06-2020,29527.41
200000662,Trevor Skinner,Male,48,Scotland,Blue Collar,24-05-2020,29501.46
200000256,Julian Peake,Male,46,Scotland,Blue Collar,17-04-2020,29487.25
200000943,Caroline Walker,Female,47,Scotland,Other,20-06-2020,29481.76
100003758,Joshua Peake,Male,30,England,White Collar,16-12-2020,29433.64
200000964,Andrea MacDonald,Female,59,Scotland,Blue Collar,21-06-2020,29417.52
100002227,Jason Thomson,Male,46,England,White Collar,24-09-2020,29407.63
100000520,Joan Clarkson,Female,42,England,White Collar,16-05-2020,29385.08
300002032,Richard Black,Male,31,Wales,Blue Collar,12-09-2020,29371.32
300001481,Jennifer Mitchell,Female,29,Wales,White Collar,01-08-2020,29355.49
100001292,Alexander Hudson,Male,43,England,White Collar,21-07-2020,29339.77
100000194,James McGrath,Male,40,England,White Collar,10-04-2020,29331.41
200003924,Liam Ogden,Male,34,Scotland,Blue Collar,24-12-2020,29320.71
100003207,Faith Harris,Female,31,England,White Collar,16-11-2020,29296.95
100001430,Cameron Young,Male,40,England,Other,29-07-2020,29293.29
100003220,Eric Hemmings,Male,30,England,White Collar,17-11-2020,29283.75
100002220,Dominic Kerr,Male,26,England,White Collar,24-09-2020,29265.97
200003179,Cameron Jones,Male,51,Scotland,Blue Collar,14-11-2020,29247.25
100000921,William Gibson,Male,43,England,White Collar,19-06-2020,29188.4
200003054,Joan Mitchell,Female,56,Scotland,Other,07-11-2020,29174.19
100003363,Penelope Henderson,Female,42,England,White Collar,26-11-2020,29129.11
100000885,Vanessa Manning,Female,45,England,White Collar,15-06-2020,29123.62
100003644,Joanne Davies,Female,31,England,White Collar,10-12-2020,29053.97
200002205,Michelle Lyman,Female,47,Scotland,White Collar,23-09-2020,29046.07
100003062,Ryan Ellison,Male,39,England,Blue Collar,08-11-2020,29040.64
300003132,Deirdre Rampling,Female,46,Wales,Blue Collar,11-11-2020,29012.65
100001277,Leah Simpson,Female,35,England,White Collar,20-07-2020,28974.08
300002127,Tracey MacLeod,Female,38,Wales,Other,18-09-2020,28968.33
100000971,Peter Young,Male,23,England,White Collar,22-06-2020,28959.8
300000271,Carl Abraham,Male,30,Wales,White Collar,17-04-2020,28912.8
200002987,Matt Ross,Male,48,Scotland,Other,02-11-2020,28873.73
300001286,Trevor Bell,Male,37,Wales,White Collar,20-07-2020,28858.98
100002414,Luke Grant,Male,37,England,White Collar,02-10-2020,28809.98
100003375,Michelle Ball,Female,28,England,White Collar,27-11-2020,28802.1
200002398,Isaac Paige,Male,55,Scotland,Blue Collar,30-09-2020,28781.46
100002817,Liam Mackenzie,Male,32,England,White Collar,26-10-2020,28744.79
200000385,Joe Parsons,Male,41,Scotland,Blue Collar,06-05-2020,28710.54
400001957,Simon Lee,Male,33,Northern Ireland,Other,07-09-2020,28681.8
200001103,Alan Howard,Male,42,Scotland,Other,06-07-2020,28676.72
100001386,Austin Turner,Male,45,England,White Collar,26-07-2020,28673.76
200003127,Nicholas Coleman,Male,45,Scotland,Blue Collar,11-11-2020,28654.5
100000092,Jane Forsyth,Female,26,England,White Collar,16-03-2020,28587.08
100003324,Claire Buckland,Female,35,England,Other,24-11-2020,28586.34
100001067,Faith Vance,Female,28,England,Blue Collar,03-07-2020,28581.78
100003994,Rebecca Poole,Female,41,England,White Collar,29-12-2020,28579.64
200003870,Diana MacLeod,Female,60,Scotland,Other,22-12-2020,28541.14
300001139,Amelia Skinner,Female,42,Wales,Other,09-07-2020,28516.17
100000077,Frank Brown,Male,38,England,White Collar,09-03-2020,28509.46
300003872,Gavin Young,Male,45,Wales,White Collar,22-12-2020,28483.25
200003366,Nathan Pullman,Male,44,Scotland,Other,26-11-2020,28479.92
200003120,Luke Hart,Male,53,Scotland,White Collar,11-11-2020,28479.55
100002506,Austin Hemmings,Male,41,England,White Collar,08-10-2020,28479.51
200001259,Warren Underwood,Male,49,Scotland,Blue Collar,18-07-2020,28451.26
200003982,Sean McDonald,Male,54,Scotland,Other,28-12-2020,28430.19
200001232,Samantha Grant,Female,63,Scotland,Blue Collar,15-07-2020,28395.48
400000556,Irene Oliver,Female,38,Northern Ireland,Other,18-05-2020,28388.7
100002510,Sam Parr,Male,37,England,Blue Collar,08-10-2020,28386.21
100003599,Sebastian Davidson,Male,26,England,White Collar,07-12-2020,28355.66
100002965,Blake Dickens,Male,37,England,White Collar,01-11-2020,28328.21
200003646,Keith Young,Male,58,Scotland,Other,10-12-2020,28310.16
300000652,Chloe Forsyth,Female,34,Wales,White Collar,23-05-2020,28272.45
300001009,Brian North,Male,31,Wales,Blue Collar,27-06-2020,28265.93
100001321,Steven Brown,Male,37,England,White Collar,22-07-2020,28244.63
300000979,Trevor Hunter,Male,28,Wales,White Collar,23-06-2020,28240.06
200001272,Leah Rees,Female,45,Scotland,Other,19-07-2020,28231.9
200002563,Sophie Davies,Female,59,Scotland,White Collar,11-10-2020,28221.97
100001193,Zoe Young,Female,22,England,White Collar,13-07-2020,28189.39
100003746,Kylie Chapman,Female,35,England,White Collar,16-12-2020,28148.92
300002549,Leonard Black,Male,39,Wales,White Collar,10-10-2020,28142.18
200001550,Cameron Underwood,Male,50,Scotland,Blue Collar,08-08-2020,28141.86
100003327,Madeleine Fraser,Female,36,England,White Collar,24-11-2020,28128.35
200003354,Thomas Langdon,Male,48,Scotland,Blue Collar,25-11-2020,28118.54
200002262,Emily Thomson,Female,50,Scotland,Other,24-09-2020,28116.71
100003671,Melanie Clark,Female,32,England,Blue Collar,12-12-2020,28086.32
100000456,Amanda Ball,Female,51,England,White Collar,12-05-2020,28034.11
100002596,Karen Reid,Female,32,England,White Collar,13-10-2020,27985.76
100003750,Lucas Mackay,Male,29,England,White Collar,16-12-2020,27985.16
100003883,Joseph Mills,Male,38,England,White Collar,23-12-2020,27984.32
100003816,Diana Payne,Female,37,England,White Collar,19-12-2020,27959.65
100001156,Jane Lewis,Female,45,England,White Collar,11-07-2020,27955.59
200002711,William Peake,Male,47,Scotland,Other,20-10-2020,27955.18
100002591,Lauren Tucker,Female,30,England,Blue Collar,13-10-2020,27944.23
100003313,Molly Langdon,Female,30,England,White Collar,23-11-2020,27937.26
100001323,Owen Robertson,Male,30,England,White Collar,22-07-2020,27891.74
200003477,Julia Roberts,Female,46,Scotland,Other,01-12-2020,27886.21
200000940,Victor Sutherland,Male,58,Scotland,Blue Collar,20-06-2020,27878.55
400000471,Joan Blake,Female,35,Northern Ireland,White Collar,12-05-2020,27867.83
300002715,Victor Black,Male,33,Wales,White Collar,20-10-2020,27843.26
300000614,Jennifer Skinner,Female,38,Wales,Blue Collar,20-05-2020,27842.1
200000348,Brandon Anderson,Male,51,Scotland,Other,02-05-2020,27842.09
200002042,Chloe Rampling,Female,33,Scotland,Other,13-09-2020,27833.06
100000825,Jason Berry,Male,33,England,Other,07-06-2020,27818.08
100001244,Julian Springer,Male,31,England,White Collar,16-07-2020,27812.51
100002552,Megan Churchill,Female,24,England,White Collar,11-10-2020,27806.65
100003164,Andrea Churchill,Female,37,England,White Collar,14-11-2020,27784.27
200001990,Evan Kerr,Male,51,Scotland,Blue Collar,10-09-2020,27770.8
100000626,Lily Hudson,Female,36,England,White Collar,22-05-2020,27754.62
100000130,Alison MacLeod,Female,27,England,White Collar,01-04-2020,27738.77
200001200,Ian Terry,Male,55,Scotland,White Collar,13-07-2020,27732.99
200002255,Jason Pullman,Male,39,Scotland,Blue Collar,24-09-2020,27726.59
100003711,Kimberly Oliver,Female,39,England,White Collar,14-12-2020,27715.6
100001785,Angela White,Female,29,England,Other,26-08-2020,27683.73
100001685,Nicholas Clarkson,Male,44,England,White Collar,21-08-2020,27673.63
400002318,Natalie Vaughan,Female,31,Northern Ireland,Other,26-09-2020,27667.95
100000899,Amelia Parsons,Female,40,England,Blue Collar,17-06-2020,27635.28
300001926,Steven Bond,Male,41,Wales,White Collar,05-09-2020,27629.86
100001581,Lauren May,Female,40,England,Other,11-08-2020,27602.78
100002913,Jake Jones,Male,32,England,White Collar,30-10-2020,27593.12
100001220,Julian Gray,Male,45,England,White Collar,15-07-2020,27591.72
100002063,Sam Carr,Male,36,England,White Collar,15-09-2020,27584.04
200000800,Nathan Vaughan,Male,39,Scotland,Blue Collar,04-06-2020,27582.12
200000977,Jennifer Blake,Female,43,Scotland,Other,23-06-2020,27580.15
100001075,Anne Nolan,Female,27,England,Blue Collar,04-07-2020,27565.54
100000131,Anna Wright,Female,41,England,White Collar,01-04-2020,27557.08
100002479,Andrew Oliver,Male,37,England,White Collar,06-10-2020,27526.79
100002243,Felicity Arnold,Female,44,England,White Collar,24-09-2020,27520.61
300003569,Andrea Sutherland,Female,42,Wales,White Collar,05-12-2020,27490.82
200000986,Victor Thomson,Male,56,Scotland,Blue Collar,24-06-2020,27458.53
100003065,Abigail Ogden,Female,32,England,White Collar,08-11-2020,27424.78
200003042,Jason Walsh,Male,61,Scotland,Blue Collar,06-11-2020,27421.16
100000176,Wendy Gill,Female,25,England,White Collar,06-04-2020,27384.85
300002268,Evan Dickens,Male,18,Wales,White Collar,24-09-2020,27333.57
100003175,Isaac Gill,Male,32,England,Blue Collar,14-11-2020,27316.09
400002762,Abigail Underwood,Female,23,Northern Ireland,White Collar,23-10-2020,27314.43
100001702,Rachel Lee,Female,52,England,Blue Collar,22-08-2020,27309.33
100003632,Justin Marshall,Male,38,England,White Collar,10-12-2020,27303.89
100003227,Wendy Hamilton,Female,43,England,White Collar,17-11-2020,27287.49
300002636,Jasmine Dyer,Female,38,Wales,White Collar,15-10-2020,27284.71
100000567,Alison James,Female,26,England,White Collar,19-05-2020,27284.36
300003779,Lisa Mackay,Female,32,Wales,White Collar,16-12-2020,27274.97
100000840,Gavin Forsyth,Male,32,England,White Collar,10-06-2020,27236.35
200001511,Ryan Carr,Male,45,Scotland,Other,04-08-2020,27154.95
100000521,Sonia Vance,Female,23,England,Blue Collar,16-05-2020,27124.28
100002182,Bella Parsons,Female,36,England,White Collar,22-09-2020,27081.12
100001782,Phil Wallace,Male,34,England,Other,26-08-2020,27049.56
200002028,Jacob Lee,Male,50,Scotland,Other,12-09-2020,27043.73
100003974,Chloe Mackenzie,Female,31,England,White Collar,28-12-2020,27031.96
100001239,Carolyn Pullman,Female,24,England,White Collar,16-07-2020,27028.23
200002295,Gavin Hardacre,Male,52,Scotland,Other,25-09-2020,27024.47
400000830,Trevor Mitchell,Male,21,Northern Ireland,White Collar,07-06-2020,27022.94
300000270,Heather Black,Female,63,Wales,Other,17-04-2020,27020.99
100000217,Carolyn Hart,Female,28,England,White Collar,13-04-2020,27008.87
100002575,Andrew MacDonald,Male,31,England,White Collar,12-10-2020,26913.26
200003700,Lucas Cornish,Male,54,Scotland,Blue Collar,13-12-2020,26905.37
100001382,Brandon Knox,Male,34,England,White Collar,26-07-2020,26897.8
100001555,Dan Cameron,Male,47,England,Other,09-08-2020,26891.41
200002652,Kylie McLean,Female,50,Scotland,Other,16-10-2020,26851.86
200001053,Alan Ogden,Male,38,Scotland,Blue Collar,01-07-2020,26844.18
100002217,Jason Parr,Male,41,England,White Collar,24-09-2020,26828.16
200003900,Victor Gray,Male,30,Scotland,Other,23-12-2020,26818.45
200000408,Blake Churchill,Male,55,Scotland,Blue Collar,07-05-2020,26811.22
100003915,Theresa Tucker,Female,29,England,White Collar,24-12-2020,26802.82
200003608,Angela Sharp,Female,57,Scotland,White Collar,07-12-2020,26794.48
300000611,Nicola Paige,Female,36,Wales,Blue Collar,20-05-2020,26783.44
100003137,Mary Greene,Female,34,England,White Collar,12-11-2020,26768.44
100002969,Ruth Paige,Female,43,England,White Collar,01-11-2020,26737.79
100000876,Tracey Pullman,Female,35,England,White Collar,14-06-2020,26731.12
100003728,Michael Abraham,Male,35,England,Other,15-12-2020,26728
200000961,Una Short,Female,49,Scotland,Other,21-06-2020,26688.85
100002820,Bernadette Dowd,Female,28,England,White Collar,26-10-2020,26670.87
200000464,Adam Dyer,Male,57,Scotland,Blue Collar,12-05-2020,26601.44
100000558,Jan Sanderson,Female,42,England,Other,19-05-2020,26577.07
100002321,Mary Graham,Female,46,England,White Collar,27-09-2020,26572.57
100000311,Lucas Avery,Male,30,England,Blue Collar,25-04-2020,26572.16
100003092,Emily Piper,Female,30,England,White Collar,10-11-2020,26551.11
100000806,Fiona Allan,Female,39,England,White Collar,05-06-2020,26507.93
300003413,Christopher Wright,Male,44,Wales,White Collar,27-11-2020,26502.42
100000657,Emily Reid,Female,48,England,White Collar,24-05-2020,26493.26
100003418,Yvonne Edmunds,Female,37,England,Other,28-11-2020,26478.35
200000110,Tim Jones,Male,63,Scotland,Blue Collar,16-03-2020,26474.23
100001050,Eric MacLeod,Male,30,England,White Collar,01-07-2020,26412.29
100001560,Sally Bell,Female,35,England,White Collar,09-08-2020,26366.52
100002347,Leonard Lee,Male,50,England,White Collar,28-09-2020,26318.03
400001817,Colin Stewart,Male,35,Northern Ireland,White Collar,27-08-2020,26311.08
100003420,Sally Cornish,Female,50,England,White Collar,28-11-2020,26280.36
100002929,Grace Ogden,Female,32,England,White Collar,31-10-2020,26231.03
400002165,Adrian Vaughan,Male,26,Northern Ireland,Other,20-09-2020,26165.32
200001500,Blake Roberts,Male,57,Scotland,Blue Collar,03-08-2020,26137.76
100003892,Virginia Clark,Female,35,England,White Collar,23-12-2020,26111.44
200000588,Sean Dyer,Male,46,Scotland,Blue Collar,19-05-2020,26094.73
100003419,Olivia Duncan,Female,32,England,White Collar,28-11-2020,26094.22
200002059,Nathan Campbell,Male,47,Scotland,Blue Collar,14-09-2020,26087.66
200000260,Harry Walsh,Male,45,Scotland,Blue Collar,17-04-2020,26059.74
100002737,Ian Hill,Male,35,England,White Collar,22-10-2020,26058.08
100003259,Emily Henderson,Female,37,England,White Collar,19-11-2020,26052.24
100002767,Stephen King,Male,29,England,White Collar,24-10-2020,26045.79
100003537,Rebecca Lyman,Female,40,England,Other,04-12-2020,26011.48
100002328,Jennifer Rampling,Female,37,England,Blue Collar,27-09-2020,25978.37
300003679,Andrea Ross,Female,39,Wales,Other,12-12-2020,25974.49
200001361,Christian Hemmings,Male,51,Scotland,Other,24-07-2020,25973.39
100001825,Alan Brown,Male,34,England,White Collar,28-08-2020,25949.97
100002216,Austin McGrath,Male,40,England,White Collar,24-09-2020,25921.92
200000725,Kevin Hudson,Male,59,Scotland,Blue Collar,29-05-2020,25916.21
200003141,Steven Cornish,Male,18,Scotland,Blue Collar,12-11-2020,25898.72
200000033,Grace Chapman,Female,58,Scotland,Other,29-01-2020,25865.2
200000661,Lucas Abraham,Male,51,Scotland,Blue Collar,24-05-2020,25861.3
100001013,Eric Glover,Male,38,England,White Collar,28-06-2020,25807.24
200001451,Warren Hamilton,Male,53,Scotland,Other,30-07-2020,25797.17
100003709,Matt Hamilton,Male,24,England,White Collar,14-12-2020,25781.13
100003331,Leonard May,Male,44,England,Other,24-11-2020,25768.74
200003792,Michael Forsyth,Male,54,Scotland,Blue Collar,17-12-2020,25766.83
300003983,Bella Ball,Female,29,Wales,Blue Collar,28-12-2020,25737.94
100001197,Penelope May,Female,42,England,Blue Collar,13-07-2020,25710.04
300001697,Justin Dowd,Male,33,Wales,Other,21-08-2020,25705.16
200001247,Donna Wallace,Female,44,Scotland,Other,16-07-2020,25692
200000480,Harry Reid,Male,45,Scotland,Blue Collar,13-05-2020,25671.22
100003814,Lucas Rees,Male,29,England,White Collar,19-12-2020,25665.76
200002141,Kevin Gill,Male,54,Scotland,White Collar,19-09-2020,25605.83
100003385,Dominic Oliver,Male,32,England,White Collar,27-11-2020,25583.2
300001354,Connor McDonald,Male,41,Wales,White Collar,23-07-2020,25581.54
200000785,Joshua Henderson,Male,53,Scotland,White Collar,02-06-2020,25554.52
400001769,Donna Chapman,Female,28,Northern Ireland,Other,24-08-2020,25544.09
100000236,Carol Blake,Female,43,England,White Collar,16-04-2020,25542.15
300002843,Evan Payne,Male,27,Wales,Blue Collar,26-10-2020,25525.88
100001313,Charles Hughes,Male,27,England,Blue Collar,22-07-2020,25524.72
100002661,Amanda Paige,Female,30,England,White Collar,17-10-2020,25489.52
100001931,Jasmine Kerr,Female,21,England,White Collar,06-09-2020,25489.13
100002933,Diane Oliver,Female,32,England,White Collar,31-10-2020,25464.76
300003678,Edward Scott,Male,34,Wales,White Collar,12-12-2020,25458.38
200001663,Diane Clarkson,Female,56,Scotland,Other,18-08-2020,25452.8
100002235,Dan Gill,Male,40,England,White Collar,24-09-2020,25417.31
200002632,Joseph Johnston,Male,41,Scotland,Blue Collar,15-10-2020,25407.37
400000738,Natalie Tucker,Female,20,Northern Ireland,Other,29-05-2020,25398.03
200003998,Victor Miller,Male,44,Scotland,Other,29-12-2020,25358.91
100001269,Caroline Lyman,Female,26,England,White Collar,19-07-2020,25355.23
300000392,Yvonne Piper,Female,44,Wales,Other,06-05-2020,25290.08
200001183,Peter Mackenzie,Male,41,Scotland,Blue Collar,12-07-2020,25288.1
100002818,Chloe Sharp,Female,61,England,White Collar,26-10-2020,25267.28
100003116,Nathan Morgan,Male,35,England,Other,11-11-2020,25257.22
100000292,Karen Glover,Female,40,England,White Collar,22-04-2020,25248.37
300003319,Gordon Slater,Male,22,Wales,White Collar,23-11-2020,25219.7
100001506,Una Ball,Female,38,England,White Collar,04-08-2020,25195.87
100002827,Emma Turner,Female,37,England,White Collar,26-10-2020,25191.07
100003258,Jennifer Graham,Female,42,England,White Collar,19-11-2020,25158.08
100001121,Grace Hemmings,Female,29,England,White Collar,08-07-2020,25137.17
100000336,Tracey Edmunds,Female,36,England,White Collar,29-04-2020,25132.97
300001842,Heather Graham,Female,29,Wales,White Collar,29-08-2020,25049.02
100001222,Rebecca Kerr,Female,38,England,White Collar,15-07-2020,25016.8
100001249,Lisa Walsh,Female,31,England,Other,17-07-2020,25016.03
100003630,Joanne Randall,Female,31,England,White Collar,10-12-2020,25012.17
200002773,Alan Watson,Male,64,Scotland,Blue Collar,24-10-2020,24994.57
200002483,Heather Brown,Female,45,Scotland,Other,06-10-2020,24993.27
200002104,Phil Gray,Male,59,Scotland,White Collar,17-09-2020,24989.82
300001120,Liam Nolan,Male,38,Wales,White Collar,07-07-2020,24965.41
100001967,Eric Cameron,Male,31,England,Blue Collar,09-09-2020,24958.04
200000784,Dominic Hart,Male,47,Scotland,Blue Collar,02-06-2020,24930.12
100000157,Anthony Cornish,Male,32,England,White Collar,05-04-2020,24927.39
100001877,Ruth Poole,Female,41,England,White Collar,01-09-2020,24927.19
100001973,Nathan Ince,Male,41,England,White Collar,09-09-2020,24924.42
100003616,John Welch,Male,41,England,White Collar,08-12-2020,24913.78
100003976,Keith Simpson,Male,36,England,White Collar,28-12-2020,24904.09
100002785,Jason Murray,Male,26,England,Blue Collar,25-10-2020,24900.05
300003469,Rebecca Vaughan,Female,37,Wales,White Collar,30-11-2020,24898.45
100003063,Carl Martin,Male,24,England,White Collar,08-11-2020,24875.64
100001039,Stephanie Ince,Female,31,England,White Collar,30-06-2020,24845.43
100001029,Lily North,Female,38,England,White Collar,29-06-2020,24834.61
100001687,Pippa Coleman,Female,34,England,White Collar,21-08-2020,24827.57
100000898,Samantha Ross,Female,47,England,White Collar,17-06-2020,24797.11
300000703,Diana Hodges,Female,34,Wales,White Collar,27-05-2020,24796.57
300003725,Lily Vaughan,Female,36,Wales,White Collar,14-12-2020,24781.08
100002657,Jacob Wilkins,Male,31,England,White Collar,17-10-2020,24779.98
200002599,Sebastian Simpson,Male,51,Scotland,White Collar,13-10-2020,24745.8
100002115,Joan Springer,Female,38,England,White Collar,18-09-2020,24729.58
200002041,Abigail Fraser,Female,64,Scotland,Blue Collar,13-09-2020,24729.53
300002746,Jane Scott,Female,40,Wales,White Collar,22-10-2020,24726.17
100003959,Richard Pullman,Male,43,England,White Collar,27-12-2020,24711.61
100000332,Carolyn Churchill,Female,34,England,White Collar,28-04-2020,24709.89
200001138,Michelle Black,Female,46,Scotland,Other,09-07-2020,24686.89
200001261,Blake Newman,Male,40,Scotland,Blue Collar,18-07-2020,24646.37
200002394,Anna Oliver,Female,44,Scotland,Other,30-09-2020,24636.06
100002496,Jacob Edmunds,Male,37,England,White Collar,07-10-2020,24607.65
100000906,Caroline Robertson,Female,31,England,White Collar,18-06-2020,24602.08
100001178,Michael Ogden,Male,22,England,Blue Collar,12-07-2020,24599.85
100003596,Cameron Watson,Male,31,England,White Collar,07-12-2020,24574.84
100000677,Dominic Langdon,Male,41,England,White Collar,26-05-2020,24558.98
100003483,Molly Campbell,Female,42,England,White Collar,02-12-2020,24501
100001482,Trevor Churchill,Male,31,England,White Collar,02-08-2020,24498.39
100001359,Connor Hamilton,Male,31,England,White Collar,24-07-2020,24458
300000952,Heather Jones,Female,40,Wales,White Collar,20-06-2020,24435.72
100002681,Neil McDonald,Male,34,England,White Collar,18-10-2020,24433.04
100003091,Kylie Mackenzie,Female,23,England,White Collar,10-11-2020,24384.59
100003394,Dylan Berry,Male,25,England,Blue Collar,27-11-2020,24366.36
100002733,Jessica Ross,Female,54,England,White Collar,22-10-2020,24265.54
100003950,Lily White,Female,44,England,White Collar,26-12-2020,24243.83
300003158,Joan Oliver,Female,42,Wales,Blue Collar,13-11-2020,24238.89
200002633,Faith Dowd,Female,51,Scotland,Blue Collar,15-10-2020,24237.4
100001248,Mary North,Female,40,England,Other,17-07-2020,24204.28
100000054,Irene MacLeod,Female,32,England,White Collar,12-02-2020,24187.98
100002529,Sally Wilkins,Female,36,England,White Collar,09-10-2020,24177.3
200000582,Rebecca Clarkson,Female,42,Scotland,Blue Collar,19-05-2020,24087.99
200000672,Audrey Ince,Female,59,Scotland,Other,25-05-2020,24075.18
200000363,Brandon Johnston,Male,45,Scotland,Blue Collar,04-05-2020,24064.3
200003339,Colin Fisher,Male,55,Scotland,Other,24-11-2020,24030.97
100001896,Colin Wallace,Male,33,England,White Collar,03-09-2020,24025.12
300000615,Penelope Grant,Female,42,Wales,Other,20-05-2020,24020.29
100002417,Anna Campbell,Female,34,England,White Collar,02-10-2020,24006.93
400001187,Alexander Peake,Male,42,Northern Ireland,White Collar,12-07-2020,23979.99
100003877,Sebastian Greene,Male,29,England,White Collar,23-12-2020,23963.27
100001761,Deirdre Paterson,Female,31,England,Blue Collar,24-08-2020,23951.94
100000049,Simon Ball,Male,27,England,White Collar,12-02-2020,23921.89
200000108,Piers Quinn,Male,48,Scotland,Blue Collar,16-03-2020,23910.87
200001439,Boris Paige,Male,59,Scotland,Other,29-07-2020,23907.86
100000933,Gavin Harris,Male,32,England,Blue Collar,20-06-2020,23899.56
100000237,Alison Hudson,Female,43,England,White Collar,16-04-2020,23887.45
100001287,Kylie Morrison,Female,33,England,White Collar,21-07-2020,23875.68
400000433,Rose Robertson,Female,27,Northern Ireland,White Collar,09-05-2020,23871.79
100000761,Wendy Hardacre,Female,38,England,White Collar,31-05-2020,23848.8
200001572,Harry Reid,Male,60,Scotland,Blue Collar,10-08-2020,23755.34
100001909,Nicola May,Female,36,England,White Collar,04-09-2020,23749.79
100003553,Matt North,Male,34,England,White Collar,05-12-2020,23744.57
200002252,Lucas Short,Male,48,Scotland,Blue Collar,24-09-2020,23726.79
100000405,Cameron Blake,Male,36,England,White Collar,07-05-2020,23722.37
200000407,Charles Gibson,Male,48,Scotland,Other,07-05-2020,23703.79
100000959,Jessica McGrath,Female,26,England,Blue Collar,21-06-2020,23694.9
200002581,Keith May,Male,44,Scotland,Blue Collar,12-10-2020,23676.9
100002371,Jonathan Kelly,Male,33,England,White Collar,29-09-2020,23676.73
100001397,Jason Piper,Male,36,England,White Collar,27-07-2020,23674.84
300000966,Lauren Bond,Female,38,Wales,Blue Collar,21-06-2020,23669.58
100000294,Brandon Morgan,Male,27,England,Other,22-04-2020,23668.42
100003109,Rebecca MacLeod,Female,38,England,White Collar,11-11-2020,23666.54
200001163,Kevin Bailey,Male,52,Scotland,Blue Collar,11-07-2020,23604.06
200001246,Lily Underwood,Female,62,Scotland,Other,16-07-2020,23578.96
100002607,Ruth Brown,Female,25,England,White Collar,14-10-2020,23571.9
200000262,Zoe Clarkson,Female,59,Scotland,Other,17-04-2020,23550.89
100003234,Rachel Ince,Female,43,England,Blue Collar,17-11-2020,23540.79
300002128,Jessica Morgan,Female,38,Wales,Other,18-09-2020,23527.21
200001609,Yvonne Dickens,Female,64,Scotland,Other,13-08-2020,23522.36
200003440,Owen Fisher,Male,61,Scotland,Blue Collar,29-11-2020,23509.64
100000562,Brandon MacDonald,Male,27,England,White Collar,19-05-2020,23502.2
100002795,Yvonne Hart,Female,31,England,White Collar,26-10-2020,23497.05
100003992,Andrew Cornish,Male,18,England,White Collar,29-12-2020,23399.53
100003080,Dominic Morrison,Male,37,England,Other,09-11-2020,23396.9
100000060,Ryan White,Male,47,England,White Collar,12-02-2020,23375.57
100003384,Simon Black,Male,47,England,Other,27-11-2020,23372.89
400000516,Hannah Oliver,Female,29,Northern Ireland,Other,15-05-2020,23358.95
300002756,Oliver Scott,Male,40,Wales,White Collar,23-10-2020,23357.27
100001416,Jason Nash,Male,44,England,White Collar,28-07-2020,23330.41
100000209,Christian Sharp,Male,39,England,Blue Collar,12-04-2020,23322.33
300001839,Sue MacLeod,Female,38,Wales,White Collar,29-08-2020,23308.43
300002428,Keith Underwood,Male,36,Wales,White Collar,02-10-2020,23291.89
100002432,Wanda Bell,Female,43,England,White Collar,03-10-2020,23251.07
100001552,Megan Buckland,Female,36,England,Blue Collar,09-08-2020,23247.17
100003551,Sonia Slater,Female,35,England,White Collar,05-12-2020,23238.28
100003163,Theresa Mathis,Female,23,England,White Collar,14-11-2020,23220.99
100003916,Samantha Clarkson,Female,39,England,Blue Collar,24-12-2020,23208.75
100002680,Ruth Gibson,Female,27,England,White Collar,18-10-2020,23183.41
100001400,Tracey Gray,Female,41,England,White Collar,27-07-2020,23182.6
100003162,Virginia Hodges,Female,29,England,White Collar,14-11-2020,23159.95
100001504,Sonia Rees,Female,34,England,Other,04-08-2020,23145.58
200003125,Boris Simpson,Male,60,Scotland,Other,11-11-2020,23122.01
100001384,Sam Ellison,Male,52,England,White Collar,26-07-2020,23112.67
100003856,Samson James,Male,37,England,Blue Collar,21-12-2020,23108.88
300003187,Carolyn Harris,Female,31,Wales,Other,14-11-2020,23095.68
100002422,Benjamin Newman,Male,28,England,White Collar,02-10-2020,23076.43
300002713,Donna Skinner,Female,35,Wales,Other,20-10-2020,23072.45
400000396,Fiona Buckland,Female,32,Northern Ireland,Blue Collar,06-05-2020,23059.56
100003552,Chloe Miller,Female,36,England,White Collar,05-12-2020,23052.1
300003430,Caroline Dyer,Female,29,Wales,Blue Collar,28-11-2020,23049.76
100003491,Michael Bell,Male,37,England,Blue Collar,02-12-2020,23034.44
200000728,John Buckland,Male,63,Scotland,Other,29-05-2020,23026.64
100002558,Matt Miller,Male,30,England,White Collar,11-10-2020,23025.61
100000319,John Hemmings,Male,30,England,White Collar,27-04-2020,23015.54
200002613,Blake Cornish,Male,60,Scotland,Blue Collar,14-10-2020,23011.89
200000388,Gavin Sanderson,Male,58,Scotland,Blue Collar,06-05-2020,23001.06
200003402,Peter Dickens,Male,47,Scotland,Blue Collar,27-11-2020,22946.04
100000929,Fiona Wright,Female,35,England,White Collar,20-06-2020,22932.94
400000638,Irene Gill,Female,46,Northern Ireland,Blue Collar,22-05-2020,22906.99
100003622,Vanessa McLean,Female,26,England,White Collar,09-12-2020,22897.58
200003566,Amelia Fraser,Female,46,Scotland,Other,05-12-2020,22847.37
100002879,Amy Coleman,Female,39,England,White Collar,29-10-2020,22844.3
100001966,Charles Rampling,Male,37,England,Blue Collar,09-09-2020,22841.56
100000086,Matt McGrath,Male,39,England,White Collar,16-03-2020,22831.08
200002744,Cameron Rampling,Male,43,Scotland,Other,22-10-2020,22810.16
100000824,Heather Davies,Female,34,England,White Collar,07-06-2020,22808.73
100002803,Nicholas Mackenzie,Male,30,England,White Collar,26-10-2020,22763.84
200001709,Penelope North,Female,44,Scotland,Other,22-08-2020,22760.94
100001089,Robert Howard,Male,36,England,Other,06-07-2020,22756.57
100001398,Stephanie Avery,Female,34,England,White Collar,27-07-2020,22701.72
300000704,Bernadette Cornish,Female,40,Wales,White Collar,27-05-2020,22691.31
100002703,Elizabeth Churchill,Female,38,England,White Collar,20-10-2020,22690.73
200000104,Diana McDonald,Female,57,Scotland,Other,16-03-2020,22686
100002430,Tim Hunter,Male,36,England,White Collar,03-10-2020,22675.26
400001380,Ryan Springer,Male,27,Northern Ireland,White Collar,25-07-2020,22674.03
100000616,Alison Cornish,Female,40,England,White Collar,21-05-2020,22671.13
100000188,Pippa Mathis,Female,29,England,White Collar,08-04-2020,22659.88
100001026,Fiona Parr,Female,25,England,White Collar,29-06-2020,22598.74
100000869,Justin Chapman,Male,34,England,White Collar,14-06-2020,22571.15
100003855,Frank Simpson,Male,27,England,White Collar,21-12-2020,22525.46
400000956,Amelia Bower,Female,22,Northern Ireland,White Collar,20-06-2020,22515.19
300002073,Anna Howard,Female,34,Wales,White Collar,15-09-2020,22490.5
300000852,Kevin Parsons,Male,53,Wales,White Collar,11-06-2020,22477.05
100001012,Paul Marshall,Male,37,England,Blue Collar,28-06-2020,22457.9
100003729,Joshua Hart,Male,33,England,White Collar,15-12-2020,22448.82
200000580,Charles Arnold,Male,52,Scotland,Other,19-05-2020,22436.69
100002305,Joan Fisher,Female,34,England,Other,26-09-2020,22433.36
100002303,Lauren Marshall,Female,45,England,Blue Collar,26-09-2020,22420.34
100000063,Kevin Gibson,Male,47,England,White Collar,12-02-2020,22414.93
100000628,Rose Davies,Female,33,England,White Collar,22-05-2020,22387.4
100001472,Christian Ross,Male,28,England,Blue Collar,01-08-2020,22336.22
100002505,John Springer,Male,46,England,Blue Collar,08-10-2020,22318.08
300001530,Emily Hodges,Female,45,Wales,Other,06-08-2020,22305.13
100000931,Maria Lawrence,Female,42,England,White Collar,20-06-2020,22298.93
100002784,Matt Parsons,Male,30,England,White Collar,25-10-2020,22295.82
100002848,Edward Mills,Male,46,England,White Collar,27-10-2020,22280.28
300001913,Andrea Wright,Female,33,Wales,White Collar,04-09-2020,22274.84
100002918,Joe Russell,Male,31,England,White Collar,30-10-2020,22240.2
400002698,Ryan May,Male,25,Northern Ireland,White Collar,19-10-2020,22186.17
100000454,Edward Hart,Male,26,England,Other,12-05-2020,22143.77
200000844,Sarah Blake,Female,35,Scotland,Other,10-06-2020,22134.94
100002064,Adam Mills,Male,32,England,Other,15-09-2020,22126.72
200003794,Carl Kerr,Male,60,Scotland,Blue Collar,17-12-2020,22118.93
100003629,Owen Morrison,Male,21,England,White Collar,10-12-2020,22103.13
100001168,Felicity Black,Female,55,England,White Collar,12-07-2020,22099.59
100003680,Ruth Rees,Female,42,England,White Collar,13-12-2020,22087.64
200001102,Sam Murray,Male,60,Scotland,Other,06-07-2020,22067.63
100001038,Connor Dickens,Male,37,England,White Collar,30-06-2020,22058.44
200003070,Elizabeth Bond,Female,40,Scotland,Other,08-11-2020,22027.41
200003564,Ava Piper,Female,58,Scotland,White Collar,05-12-2020,22024
100001143,Madeleine Sharp,Female,34,England,Other,10-07-2020,21997.45
100001111,Angela Howard,Female,26,England,White Collar,07-07-2020,21988.77
200003351,Carolyn Manning,Female,54,Scotland,White Collar,25-11-2020,21953.02
100001157,Kimberly Vance,Female,40,England,White Collar,11-07-2020,21945.27
100002576,Ava Henderson,Female,39,England,Blue Collar,12-10-2020,21924.56
100002676,Sebastian MacDonald,Male,29,England,White Collar,18-10-2020,21908.77
100000604,Angela Short,Female,31,England,White Collar,20-05-2020,21890.47
200002446,Christian Davidson,Male,50,Scotland,Blue Collar,03-10-2020,21885.91
100003160,Jan Gill,Female,33,England,White Collar,14-11-2020,21875.7
100000159,Lucas Lawrence,Male,30,England,White Collar,05-04-2020,21871.43
100001704,Heather Rees,Female,28,England,White Collar,22-08-2020,21840.84
100001602,Karen Grant,Female,39,England,Other,13-08-2020,21827.12
400001795,Yvonne Wilson,Female,37,Northern Ireland,White Collar,26-08-2020,21823.82
100000116,Alison Johnston,Female,36,England,Other,19-03-2020,21806.3
200000896,Paul Allan,Male,59,Scotland,Blue Collar,16-06-2020,21784.09
100001930,Brian Baker,Male,38,England,White Collar,06-09-2020,21765.28
100003977,Brian Hunter,Male,35,England,White Collar,28-12-2020,21753.37
100002066,Samantha Pullman,Female,25,England,White Collar,15-09-2020,21738.25
200003367,Eric Welch,Male,47,Scotland,Blue Collar,26-11-2020,21736.04
200003565,Tim Graham,Male,48,Scotland,Other,05-12-2020,21734.65
200002755,Audrey Randall,Female,53,Scotland,Other,23-10-2020,21717.51
100003930,Kimberly Coleman,Female,34,England,White Collar,25-12-2020,21706.73
100003110,Wendy Parr,Female,45,England,White Collar,11-11-2020,21695.26
300000496,Julia Chapman,Female,41,Wales,Other,14-05-2020,21688.92
400002381,Hannah Short,Female,43,Northern Ireland,Other,29-09-2020,21607.48
100002970,Dominic Taylor,Male,24,England,Blue Collar,01-11-2020,21601.11
100003386,Sarah Marshall,Female,54,England,White Collar,27-11-2020,21593.57
100002748,David Knox,Male,29,England,White Collar,23-10-2020,21577.22
200000448,Evan Hart,Male,41,Scotland,Blue Collar,11-05-2020,21536.61
100002860,Evan Hughes,Male,38,England,Other,28-10-2020,21535.24
100001158,Madeleine Wilson,Female,35,England,White Collar,11-07-2020,21508.14
100001803,Faith Sutherland,Female,29,England,White Collar,27-08-2020,21477.46
200003406,Benjamin Hill,Male,32,Scotland,Blue Collar,27-11-2020,21454.76
100003392,Steven Taylor,Male,33,England,White Collar,27-11-2020,21424.46
100003987,Lily Springer,Female,35,England,Blue Collar,29-12-2020,21420.72
200002105,Kevin Nolan,Male,50,Scotland,Blue Collar,17-09-2020,21417.49
100003286,Matt Short,Male,38,England,White Collar,21-11-2020,21417.1
100002407,Gordon Ball,Male,34,England,Blue Collar,01-10-2020,21360.89
100000185,Cameron Short,Male,40,England,Other,07-04-2020,21351.4
100000930,Amelia Hughes,Female,35,England,White Collar,20-06-2020,21314.68
100000309,Alexander Edmunds,Male,30,England,White Collar,24-04-2020,21296.27
100000565,Grace Scott,Female,31,England,Other,19-05-2020,21282.52
400001600,Abigail Harris,Female,39,Northern Ireland,Blue Collar,12-08-2020,21272.69
200000022,Jason Butler,Male,58,Scotland,Blue Collar,18-01-2020,21252.97
200002379,Isaac Lambert,Male,43,Scotland,Blue Collar,29-09-2020,21251.76
100003633,Dominic Randall,Male,48,England,White Collar,10-12-2020,21250.29
100000182,Austin Ball,Male,36,England,White Collar,07-04-2020,21236.23
100001535,Gavin Terry,Male,39,England,White Collar,07-08-2020,21204.79
200002500,Joshua Nash,Male,56,Scotland,Blue Collar,07-10-2020,21196.37
100001713,Jason McDonald,Male,34,England,Blue Collar,23-08-2020,21191.18
400000557,Lisa Buckland,Female,23,Northern Ireland,Other,18-05-2020,21191.04
100000928,Stephen Glover,Male,30,England,White Collar,20-06-2020,21157.3
100000312,Blake Hudson,Male,45,England,Blue Collar,25-04-2020,21150.98
100000968,Edward Martin,Male,38,England,White Collar,22-06-2020,21138.46
200000903,Jake Peters,Male,43,Scotland,Other,17-06-2020,21136.88
200001650,Peter McLean,Male,34,Scotland,Other,17-08-2020,21134.53
200001352,Jasmine Burgess,Female,49,Scotland,Other,23-07-2020,21093.17
100003928,Brian Gibson,Male,49,England,White Collar,25-12-2020,21066.89
100000213,Tracey Grant,Female,29,England,Blue Collar,13-04-2020,21065.22
300002946,Alexander Mills,Male,45,Wales,Blue Collar,31-10-2020,21018.89
100001310,Eric Sharp,Male,30,England,White Collar,22-07-2020,21014.53
100002493,Carol Hart,Female,43,England,Blue Collar,07-10-2020,20996.83
200001708,Phil Murray,Male,51,Scotland,Other,22-08-2020,20981.07
100000694,Michael Cameron,Male,29,England,White Collar,27-05-2020,20969.32
200001378,Benjamin Roberts,Male,27,Scotland,Blue Collar,25-07-2020,20963.64
100002524,Megan Mathis,Female,31,England,White Collar,09-10-2020,20953.3
100000862,Jack Young,Male,31,England,Other,13-06-2020,20938.59
100002702,Owen Terry,Male,34,England,White Collar,20-10-2020,20922.69
100001655,Kevin Forsyth,Male,40,England,White Collar,18-08-2020,20906.27
100001864,Bernadette Allan,Female,28,England,White Collar,31-08-2020,20894.82
100000970,Abigail Oliver,Female,32,England,White Collar,22-06-2020,20852.18
100002392,Colin Newman,Male,30,England,Other,30-09-2020,20821.23
200001198,Ryan Murray,Male,55,Scotland,Other,13-07-2020,20815.73
100003170,Emma Cameron,Female,41,England,White Collar,14-11-2020,20793.41
300000430,Amy Welch,Female,26,Wales,White Collar,09-05-2020,20774.79
100001824,Jason Powell,Male,35,England,Other,28-08-2020,20770.08
100003570,Matt MacDonald,Male,31,England,Other,06-12-2020,20763.6
200000715,Sebastian Mackenzie,Male,56,Scotland,Blue Collar,28-05-2020,20747.04
400001219,Carol Clarkson,Female,34,Northern Ireland,Other,14-07-2020,20742.96
200000533,Abigail Gibson,Female,56,Scotland,Other,17-05-2020,20740.75
300001793,Owen Tucker,Male,35,Wales,White Collar,26-08-2020,20739.01
300000428,Diana Bower,Female,49,Wales,White Collar,09-05-2020,20738.67
200002831,Hannah Underwood,Female,34,Scotland,Other,26-10-2020,20725.33
200003698,Harry Martin,Male,50,Scotland,Blue Collar,13-12-2020,20655.58
100003280,Megan Ross,Female,35,England,White Collar,21-11-2020,20637.25
100001275,Lucas Dyer,Male,34,England,White Collar,20-07-2020,20628.63
300000112,Nathan Paterson,Male,26,Wales,White Collar,16-03-2020,20627.65
200003407,Sam Wilson,Male,61,Scotland,Blue Collar,27-11-2020,20606.21
200002651,Gabrielle Poole,Female,47,Scotland,Other,16-10-2020,20587.44
100000346,Joseph Buckland,Male,31,England,White Collar,02-05-2020,20570.41
100003308,Brian Langdon,Male,31,England,White Collar,23-11-2020,20544.55
100003484,Amanda Parsons,Female,33,England,White Collar,02-12-2020,20517.2
200001924,Lillian Walker,Female,57,Scotland,Other,05-09-2020,20516.92
400000180,Eric Bower,Male,29,Northern Ireland,Blue Collar,06-04-2020,20516.51
200000029,Lucas Mackenzie,Male,50,Scotland,Blue Collar,25-01-2020,20516.1
100000846,Felicity Butler,Female,46,England,Blue Collar,11-06-2020,20515.25
200002789,Lucas Gibson,Male,45,Scotland,Blue Collar,25-10-2020,20513.31
100000025,Jennifer Hughes,Female,38,England,White Collar,20-01-2020,20505.32
100000037,Sophie Gill,Female,33,England,White Collar,31-01-2020,20504.37
100001011,Colin Sharp,Male,39,England,White Collar,28-06-2020,20461.13
400001082,Lisa Nolan,Female,32,Northern Ireland,Other,04-07-2020,20451.86
100002557,Jessica Lawrence,Female,25,England,White Collar,11-10-2020,20412.43
200002202,Jonathan Baker,Male,49,Scotland,Blue Collar,23-09-2020,20409.28
100002800,Warren Knox,Male,45,England,White Collar,26-10-2020,20407.02
200002991,Charles Kerr,Male,54,Scotland,Blue Collar,02-11-2020,20405.95
100002941,Stewart Rutherford,Male,50,England,White Collar,31-10-2020,20397.32
100001221,Karen Knox,Female,18,England,Blue Collar,15-07-2020,20389.34
100001959,Max Reid,Male,39,England,Other,08-09-2020,20388.38
300000705,Joshua Coleman,Male,34,Wales,White Collar,27-05-2020,20385.54
100000872,Sally MacDonald,Female,46,England,White Collar,14-06-2020,20383.64
100000255,Diane Henderson,Female,36,England,Blue Collar,17-04-2020,20379
100002532,Colin Campbell,Male,30,England,White Collar,09-10-2020,20362.27
100000895,Hannah Terry,Female,33,England,White Collar,16-06-2020,20359.61
300003246,Maria Murray,Female,45,Wales,White Collar,17-11-2020,20349.68
200002838,Sean Dowd,Male,42,Scotland,Blue Collar,26-10-2020,20345
100000062,Fiona Bell,Female,47,England,Other,12-02-2020,20336.8
100000880,Rachel Springer,Female,31,England,Blue Collar,15-06-2020,20304.1
100000254,Stewart Rees,Male,34,England,White Collar,17-04-2020,20276.52
300000636,Elizabeth McDonald,Female,30,Wales,White Collar,22-05-2020,20276.08
100003799,Melanie Gray,Female,36,England,White Collar,18-12-2020,20254.46
100003212,Ian Avery,Male,38,England,White Collar,16-11-2020,20238.28
100001434,Phil Chapman,Male,31,England,Blue Collar,29-07-2020,20238.12
100001672,Katherine Berry,Female,45,England,White Collar,20-08-2020,20228.5
200000372,Thomas Martin,Male,54,Scotland,Blue Collar,05-05-2020,20205.92
100003145,Dylan Walsh,Male,29,England,White Collar,13-11-2020,20166.68
200002039,Frank Chapman,Male,58,Scotland,Blue Collar,13-09-2020,20162.2
100002701,Heather McLean,Female,23,England,Other,20-10-2020,20148.51
200002942,Luke Gray,Male,52,Scotland,Other,31-10-2020,20132.46
400001818,James May,Male,33,Northern Ireland,White Collar,27-08-2020,20111.98
400002180,Audrey Berry,Female,31,Northern Ireland,White Collar,21-09-2020,20101.47
100003628,Jack Walsh,Male,33,England,White Collar,10-12-2020,20091.28
200000066,Piers Burgess,Male,43,Scotland,Blue Collar,12-02-2020,20076.8
100003456,Owen Edmunds,Male,38,England,Blue Collar,30-11-2020,20076.79
400000399,Amy Miller,Female,23,Northern Ireland,Other,06-05-2020,20060.1
100001718,Bernadette Knox,Female,41,England,White Collar,23-08-2020,20040.94
100000859,Amy Glover,Female,33,England,White Collar,13-06-2020,20019.58
100003019,Boris Butler,Male,42,England,White Collar,05-11-2020,19996.17
100002370,Madeleine Avery,Female,32,England,White Collar,29-09-2020,19995.78
200003098,Nicholas Hudson,Male,50,Scotland,White Collar,10-11-2020,19956.27
300002359,Theresa Bailey,Female,32,Wales,Other,28-09-2020,19954.05
100002415,Sue King,Female,41,England,Other,02-10-2020,19938.81
100000330,Wendy Turner,Female,31,England,White Collar,28-04-2020,19933.38
200003720,Owen Slater,Male,49,Scotland,Other,14-12-2020,19921.89
100002675,Paul Peake,Male,47,England,Other,18-10-2020,19916.05
100002455,Ruth Chapman,Female,28,England,White Collar,04-10-2020,19866.92
100003713,Yvonne Mathis,Female,35,England,White Collar,14-12-2020,19857.59
100001497,Nathan Alsop,Male,35,England,White Collar,03-08-2020,19857.03
200001455,Brian Manning,Male,59,Scotland,Blue Collar,30-07-2020,19832.01
100003360,Boris Cameron,Male,32,England,White Collar,26-11-2020,19806.11
400002016,Jennifer Newman,Female,36,Northern Ireland,Blue Collar,11-09-2020,19799.42
100000379,Melanie Henderson,Female,38,England,Other,06-05-2020,19744.49
200004010,Sam Lewis,Male,64,Scotland,Other,30-12-2020,19711.66
100000870,Max Rees,Male,38,England,White Collar,14-06-2020,19703.37
100001675,Emma Pullman,Female,42,England,Other,20-08-2020,19699.45
200003981,Elizabeth James,Female,43,Scotland,Other,28-12-2020,19695.66
100001862,Colin Mathis,Male,35,England,White Collar,31-08-2020,19680.67
100000868,Nicola Walsh,Female,44,England,White Collar,14-06-2020,19645.17
200000486,Leonard Churchill,Male,53,Scotland,Blue Collar,13-05-2020,19641.85
200001489,Grace Walker,Female,53,Scotland,White Collar,02-08-2020,19634.21
200002791,Vanessa Brown,Female,59,Scotland,Other,25-10-2020,19630.11
100001210,Jack Piper,Male,30,England,White Collar,14-07-2020,19604.57
300002178,Julia Glover,Female,55,Wales,White Collar,21-09-2020,19547.39
400002845,Tracey Oliver,Female,32,Northern Ireland,Other,26-10-2020,19510.11
300002905,Jennifer Chapman,Female,43,Wales,White Collar,29-10-2020,19488.81
300003655,Faith Parsons,Female,41,Wales,Other,10-12-2020,19485.71
300001588,Jacob Hart,Male,42,Wales,Blue Collar,11-08-2020,19473.74
300003142,Elizabeth Arnold,Female,40,Wales,White Collar,12-11-2020,19448.19
300002792,Ava Underwood,Female,40,Wales,White Collar,25-10-2020,19443.89
300000732,Joshua MacLeod,Male,40,Wales,Blue Collar,29-05-2020,19438.99
200000665,Edward Turner,Male,48,Scotland,Other,24-05-2020,19419.68
100001659,Diane Lee,Female,33,England,Blue Collar,18-08-2020,19416.33
100001918,Edward Kelly,Male,32,England,White Collar,05-09-2020,19407.16
200001149,Thomas Dyer,Male,31,Scotland,Blue Collar,10-07-2020,19383.88
100002224,Megan Hardacre,Female,39,England,White Collar,24-09-2020,19383.54
100000851,Victor Clark,Male,32,England,White Collar,11-06-2020,19378.62
200000645,Joan Abraham,Female,47,Scotland,Other,23-05-2020,19366.89
100002876,Gavin Springer,Male,19,England,Other,29-10-2020,19359.04
200002026,Megan Greene,Female,44,Scotland,Other,12-09-2020,19326.71
200003697,Adrian Alsop,Male,52,Scotland,Blue Collar,13-12-2020,19297.55
100001933,Alan Anderson,Male,33,England,White Collar,06-09-2020,19294.37
300000409,Stewart Scott,Male,45,Wales,Other,07-05-2020,19287.92
100001647,Sean Ince,Male,24,England,Blue Collar,17-08-2020,19278.39
100001644,Wendy Vaughan,Female,41,England,Other,17-08-2020,19269.63
300003255,Joan Metcalfe,Female,34,Wales,Other,18-11-2020,19249.76
300002904,Michelle Walker,Female,27,Wales,White Collar,29-10-2020,19224.76
200001164,Kevin White,Male,43,Scotland,Blue Collar,11-07-2020,19221.27
200000820,Lucas Walsh,Male,52,Scotland,Blue Collar,06-06-2020,19187.18
200000261,Nathan Howard,Male,47,Scotland,Blue Collar,17-04-2020,19177.31
200001487,Joseph Bailey,Male,58,Scotland,Other,02-08-2020,19164.52
400001521,Abigail Mathis,Female,28,Northern Ireland,Other,05-08-2020,19160.55
200002358,Simon Churchill,Male,61,Scotland,Blue Collar,28-09-2020,19128.02
100003135,Dylan Payne,Male,29,England,Blue Collar,12-11-2020,19118.76
100003918,Anne Edmunds,Female,33,England,White Collar,24-12-2020,19092.99
100001509,Deirdre Peters,Female,26,England,White Collar,04-08-2020,19090.8
200003068,Hannah McDonald,Female,48,Scotland,Other,08-11-2020,19089.33
100001505,Christopher Berry,Male,36,England,White Collar,04-08-2020,19076.5
300000167,Cameron Ross,Male,24,Wales,Blue Collar,05-04-2020,19064.65
100001633,Blake Parsons,Male,34,England,White Collar,15-08-2020,19053.75
300002730,Sophie Ball,Female,36,Wales,White Collar,21-10-2020,19045.64
200000482,Justin Graham,Male,53,Scotland,White Collar,13-05-2020,19032.02
100002459,Peter James,Male,37,England,White Collar,04-10-2020,19014.05
100001362,Alexandra King,Female,29,England,Blue Collar,25-07-2020,18984.55
100003041,James Ince,Male,34,England,White Collar,06-11-2020,18971.51
200000483,Anthony Gill,Male,47,Scotland,Other,13-05-2020,18970.24
100002116,Alan Parr,Male,34,England,Blue Collar,18-09-2020,18952.55
100003588,Gavin Dickens,Male,28,England,White Collar,07-12-2020,18938.2
100003193,Sonia Coleman,Female,36,England,Blue Collar,15-11-2020,18925.43
200003240,Edward Oliver,Male,57,Scotland,Blue Collar,17-11-2020,18910.03
100000444,Melanie Nash,Female,41,England,Blue Collar,11-05-2020,18907.19
300000367,Karen Gray,Female,32,Wales,White Collar,04-05-2020,18897.91
100000204,Fiona Vance,Female,26,England,White Collar,12-04-2020,18894.19
100001371,Simon Paterson,Male,49,England,White Collar,25-07-2020,18893.22
200002251,Molly Ball,Female,61,Scotland,Other,24-09-2020,18880.99
100001527,Victoria Dowd,Female,47,England,White Collar,06-08-2020,18860.64
300003431,Diane Springer,Female,24,Wales,Blue Collar,28-11-2020,18858.69
100003114,Jane Nash,Female,34,England,White Collar,11-11-2020,18856.08
200000102,Emma Piper,Female,44,Scotland,White Collar,16-03-2020,18829.79
100001002,Cameron Smith,Male,29,England,White Collar,27-06-2020,18808.61
100003690,Anne Fraser,Female,29,England,Blue Collar,13-12-2020,18800.25
100001835,Stephanie Mackay,Female,41,England,White Collar,29-08-2020,18745.42
200000457,Samantha Mackay,Female,48,Scotland,Blue Collar,12-05-2020,18739.74
100003509,Kylie Payne,Female,40,England,White Collar,03-12-2020,18739.17
200000460,Olivia Turner,Female,54,Scotland,Other,12-05-2020,18720.84
200003178,Audrey Hughes,Female,55,Scotland,Other,14-11-2020,18705.83
200001668,Liam Dickens,Male,62,Scotland,Blue Collar,19-08-2020,18687.01
200002159,Michael Smith,Male,31,Scotland,Blue Collar,20-09-2020,18673.91
400000795,Amanda King,Female,31,Northern Ireland,Other,03-06-2020,18645.55
400002152,Jane Baker,Female,27,Northern Ireland,Other,19-09-2020,18601.06
100001312,Alison Piper,Female,38,England,White Collar,22-07-2020,18578.98
300003015,Jasmine May,Female,18,Wales,Other,04-11-2020,18574.76
100002847,Diana Randall,Female,18,England,White Collar,27-10-2020,18520
100003880,Boris Rees,Male,21,England,White Collar,23-12-2020,18508.11
200003099,Colin Walsh,Male,40,Scotland,Blue Collar,10-11-2020,18505.82
200000536,Simon Brown,Male,47,Scotland,Blue Collar,17-05-2020,18486.67
300001047,Amy Mathis,Female,33,Wales,Other,30-06-2020,18469.94
100000342,Christian Jackson,Male,38,England,White Collar,30-04-2020,18433.59
100003250,Isaac McDonald,Male,34,England,Blue Collar,18-11-2020,18412.38
200002614,Adrian Powell,Male,44,Scotland,Blue Collar,14-10-2020,18393.7
300000637,Carolyn Mills,Female,40,Wales,White Collar,22-05-2020,18379.01
100001540,John Morgan,Male,33,England,Other,08-08-2020,18305.03
400002605,Jan Murray,Female,22,Northern Ireland,Other,13-10-2020,18299.03
100003050,Gordon Ferguson,Male,48,England,White Collar,07-11-2020,18254.46
200000887,Jan Robertson,Female,38,Scotland,Other,15-06-2020,18241.98
100003510,Peter King,Male,18,England,Other,03-12-2020,18231.91
200001950,Boris McDonald,Male,37,Scotland,Blue Collar,07-09-2020,18231.4
100003603,John Knox,Male,40,England,White Collar,07-12-2020,18220.43
100003666,Pippa Lee,Female,41,England,Other,12-12-2020,18206.83
100001175,Colin Lewis,Male,35,England,White Collar,12-07-2020,18190.48
200003970,Jacob Grant,Male,58,Scotland,Other,27-12-2020,18189.63
100000709,Angela Lawrence,Female,38,England,White Collar,28-05-2020,18169.19
200000259,Alison Taylor,Female,50,Scotland,Other,17-04-2020,18160.49
100000655,Brandon Walsh,Male,30,England,White Collar,24-05-2020,18150.13
200000492,Julian Langdon,Male,50,Scotland,Blue Collar,14-05-2020,18144.44
300000357,Mary Reid,Female,27,Wales,Other,03-05-2020,18106.22
100000224,Christian Baker,Male,43,England,White Collar,14-04-2020,18103.72
200000065,Maria Hughes,Female,50,Scotland,Other,12-02-2020,18091.36
200001623,Eric Tucker,Male,55,Scotland,Blue Collar,14-08-2020,18087.62
300000735,John Anderson,Male,28,Wales,Other,29-05-2020,18064.46
100003978,Scott Gibson,Male,35,England,White Collar,28-12-2020,18055.9
100003171,Justin Baker,Male,25,England,White Collar,14-11-2020,18053.11
300001627,Lucas White,Male,45,Wales,White Collar,14-08-2020,18035.37
100001536,Isaac Fraser,Male,45,England,White Collar,07-08-2020,18027.52
100001789,Kylie Glover,Female,39,England,Other,26-08-2020,18016.11
200000681,Maria Welch,Female,52,Scotland,Other,26-05-2020,17999.17
200001116,Sam Sutherland,Male,58,Scotland,Blue Collar,07-07-2020,17953.21
200000805,John Cameron,Male,52,Scotland,Other,04-06-2020,17953.05
100002078,Anne Lewis,Female,29,England,White Collar,16-09-2020,17952.16
400001815,Madeleine Payne,Female,35,Northern Ireland,Blue Collar,27-08-2020,17947.14
100003672,Anna Poole,Female,24,England,Other,12-12-2020,17946.83
100002592,Jessica Vance,Female,34,England,White Collar,13-10-2020,17928.42
100002960,Thomas Black,Male,29,England,White Collar,01-11-2020,17844.83
400002844,Gabrielle Wallace,Female,34,Northern Ireland,Blue Collar,26-10-2020,17843.97
100003016,Anthony Forsyth,Male,36,England,White Collar,05-11-2020,17823.65
100002982,Tim Baker,Male,46,England,White Collar,02-11-2020,17757.91
300000978,Jessica Wallace,Female,45,Wales,White Collar,23-06-2020,17753.01
200000356,Richard Hamilton,Male,42,Scotland,Blue Collar,03-05-2020,17740.51
100003082,Felicity Payne,Female,35,England,Blue Collar,09-11-2020,17717.33
100001302,Katherine Kerr,Female,32,England,White Collar,22-07-2020,17715.69
200003940,Jason Wilson,Male,59,Scotland,Blue Collar,25-12-2020,17674.35
300003479,Ella Henderson,Female,24,Wales,White Collar,01-12-2020,17649.52
100002236,Andrea Rampling,Female,42,England,White Collar,24-09-2020,17631.94
100001303,Joe Ball,Male,40,England,White Collar,22-07-2020,17616.26
300002854,Jonathan Dickens,Male,21,Wales,White Collar,27-10-2020,17595.19
100001631,Lisa Lambert,Female,28,England,White Collar,15-08-2020,17565.51
100000831,Steven Morrison,Male,37,England,White Collar,08-06-2020,17556.02
100001055,Kimberly Mitchell,Female,40,England,White Collar,02-07-2020,17546.36
300001528,Austin Dickens,Male,27,Wales,White Collar,06-08-2020,17541.06
200000793,Charles McDonald,Male,47,Scotland,Other,03-06-2020,17538.34
200002710,Sebastian Cameron,Male,45,Scotland,Blue Collar,20-10-2020,17520.08
300000366,Dorothy Paige,Female,35,Wales,White Collar,04-05-2020,17495.5
100003328,John Poole,Male,50,England,White Collar,24-11-2020,17454.85
100003435,Phil Berry,Male,31,England,White Collar,29-11-2020,17452.2
100001799,Ian Hughes,Male,39,England,White Collar,27-08-2020,17435.1
100001940,Simon Parsons,Male,31,England,White Collar,07-09-2020,17395.93
400002383,Amy Fisher,Female,24,Northern Ireland,White Collar,29-09-2020,17347.52
100002952,Virginia Forsyth,Female,30,England,White Collar,01-11-2020,17332.05
100003868,Joshua Stewart,Male,37,England,Blue Collar,22-12-2020,17331.37
100002994,Jasmine Gray,Female,35,England,White Collar,03-11-2020,17322.36
100002234,Heather Hughes,Female,20,England,White Collar,24-09-2020,17321.01
200003013,Evan Ball,Male,49,Scotland,Blue Collar,04-11-2020,17312.41
100000900,Fiona Miller,Female,34,England,White Collar,17-06-2020,17308.75
100002797,Rachel Hill,Female,29,England,White Collar,26-10-2020,17287.98
100001298,Luke Walsh,Male,37,England,White Collar,22-07-2020,17275.34
200002533,Evan Reid,Male,47,Scotland,Blue Collar,09-10-2020,17274.32
200000701,Joshua Wilson,Male,48,Scotland,Other,27-05-2020,17261.5
100000453,Kimberly Clark,Female,23,England,White Collar,12-05-2020,17253.97
100001944,Sally Greene,Female,23,England,White Collar,07-09-2020,17247.7
300003465,Wanda Tucker,Female,42,Wales,White Collar,30-11-2020,17189.69
200000748,Lucas Graham,Male,51,Scotland,Blue Collar,30-05-2020,17188.7
100003884,Claire Kerr,Female,30,England,White Collar,23-12-2020,17188.21
300003664,Victor Lee,Male,41,Wales,White Collar,11-12-2020,17160.06
300002759,Luke Fisher,Male,37,Wales,White Collar,23-10-2020,17130.26
100001373,Joshua Abraham,Male,24,England,White Collar,25-07-2020,17127.23
100002910,Caroline Clark,Female,32,England,White Collar,30-10-2020,17090.17
200001807,Penelope Parr,Female,54,Scotland,Other,27-08-2020,17076.49
100003787,Jonathan Allan,Male,32,England,Blue Collar,17-12-2020,17056.8
100002594,Gavin Metcalfe,Male,34,England,White Collar,13-10-2020,17007.15
100003913,Peter Lawrence,Male,29,England,Other,24-12-2020,16997.69
200001181,Katherine Stewart,Female,46,Scotland,Blue Collar,12-07-2020,16995.99
100001462,Zoe Bell,Female,39,England,White Collar,31-07-2020,16956
100001288,Virginia Ferguson,Female,33,England,White Collar,21-07-2020,16867.36
200002895,Carl Paterson,Male,37,Scotland,Blue Collar,29-10-2020,16866.92
200000659,Stewart Poole,Male,52,Scotland,Blue Collar,24-05-2020,16849.99
200001871,Oliver Springer,Male,46,Scotland,Other,31-08-2020,16842.71
200000658,John Payne,Male,45,Scotland,Other,24-05-2020,16824.6
200002989,Rachel Skinner,Female,52,Scotland,Other,02-11-2020,16743.55
100003218,Max Lee,Male,24,England,White Collar,17-11-2020,16721.96
100003811,Molly Coleman,Female,30,England,White Collar,19-12-2020,16703.14
400002047,Peter Campbell,Male,21,Northern Ireland,Blue Collar,13-09-2020,16696.08
200000749,Anthony Quinn,Male,36,Scotland,Blue Collar,30-05-2020,16694.22
300000612,Emily Ince,Female,24,Wales,White Collar,20-05-2020,16637.73
300002690,David Mitchell,Male,44,Wales,Other,18-10-2020,16627.15
100001141,Owen Grant,Male,27,England,Other,10-07-2020,16613.41
300002045,Olivia Kelly,Female,37,Wales,White Collar,13-09-2020,16581.56
100000212,Eric North,Male,34,England,White Collar,13-04-2020,16569.82
200000373,Lucas Gill,Male,39,Scotland,Blue Collar,05-05-2020,16549.43
300000734,Sarah Murray,Female,45,Wales,White Collar,29-05-2020,16542.71
300002491,Emma Campbell,Female,24,Wales,Blue Collar,06-10-2020,16527
100003681,Leah Roberts,Female,35,England,Other,13-12-2020,16482.84
100001653,James Chapman,Male,35,England,Blue Collar,18-08-2020,16479.12
200002990,Sebastian Brown,Male,31,Scotland,Blue Collar,02-11-2020,16470.81
200003767,Alexandra Powell,Female,40,Scotland,Other,16-12-2020,16469.27
100003575,Charles Alsop,Male,26,England,Blue Collar,06-12-2020,16466.56
200001088,Blake Peters,Male,43,Scotland,Blue Collar,05-07-2020,16457.71
200000390,Joseph Henderson,Male,46,Scotland,Blue Collar,06-05-2020,16431.17
200000295,Tim Thomson,Male,45,Scotland,Blue Collar,22-04-2020,16423.75
100002981,Sonia Rutherford,Female,23,England,Other,02-11-2020,16418.92
100002963,Donna Allan,Female,37,England,Blue Collar,01-11-2020,16408.46
100001921,Donna Marshall,Female,31,England,White Collar,05-09-2020,16392.78
100000195,Amanda Young,Female,35,England,White Collar,10-04-2020,16390.11
400000754,Emily Clarkson,Female,25,Northern Ireland,Other,30-05-2020,16380.24
100002812,Deirdre Lewis,Female,22,England,White Collar,26-10-2020,16369.66
100002892,Anne Reid,Female,37,England,Other,29-10-2020,16358.32
100002799,Rachel Baker,Female,21,England,Other,26-10-2020,16352.86
200002630,Victoria Young,Female,54,Scotland,White Collar,15-10-2020,16332.53
200002257,Molly Clark,Female,51,Scotland,Other,24-09-2020,16321.85
200000504,Jason Lyman,Male,51,Scotland,White Collar,15-05-2020,16320.71
100001281,Cameron Bower,Male,36,England,White Collar,20-07-2020,16312.01
200001062,Dan Alsop,Male,54,Scotland,Other,02-07-2020,16280.16
100003378,Cameron Robertson,Male,31,England,Blue Collar,27-11-2020,16251.57
100000618,Andrew Wright,Male,42,England,White Collar,21-05-2020,16236.11
300001751,Alison Terry,Female,46,Wales,White Collar,23-08-2020,16233.42
100003686,Audrey Cameron,Female,28,England,Blue Collar,13-12-2020,16210.13
100002694,Brian Lee,Male,34,England,White Collar,19-10-2020,16194.49
200002007,Adam White,Male,51,Scotland,Other,11-09-2020,16192.49
100003932,Owen Kerr,Male,31,England,Other,25-12-2020,16161.94
100002434,Alexander Nash,Male,32,England,White Collar,03-10-2020,16127.3
100003309,Felicity Ball,Female,43,England,White Collar,23-11-2020,16111.39
300000717,Anne Allan,Female,30,Wales,White Collar,28-05-2020,16103.61
100002364,Amy McDonald,Female,35,England,White Collar,29-09-2020,16080.85
100001258,Nicola Lee,Female,29,England,White Collar,18-07-2020,16056.76
100003943,Una Powell,Female,50,England,White Collar,26-12-2020,16041.11
100002112,Emily Avery,Female,33,England,Blue Collar,18-09-2020,16040.88
300000905,Amy Morgan,Female,29,Wales,Other,17-06-2020,16037.16
100001433,Sebastian Baker,Male,38,England,White Collar,29-07-2020,16024.43
100000744,Ruth Ince,Female,38,England,White Collar,30-05-2020,15989.89
100000175,Max Stewart,Male,31,England,White Collar,06-04-2020,15986.62
300001081,Irene Ferguson,Female,38,Wales,White Collar,04-07-2020,15926.91
200000632,Nicholas Allan,Male,64,Scotland,Blue Collar,22-05-2020,15909.96
100003049,Oliver Jones,Male,35,England,Blue Collar,07-11-2020,15908.89
100001447,Ian Miller,Male,43,England,White Collar,30-07-2020,15879.52
100000818,Tracey Sharp,Female,47,England,White Collar,06-06-2020,15879.06
100000771,Joe Short,Male,44,England,White Collar,01-06-2020,15861
200000333,David Morrison,Male,54,Scotland,Blue Collar,28-04-2020,15859.07
400002908,Nicola Hodges,Female,32,Northern Ireland,Other,29-10-2020,15858.93
100003600,Christopher Clark,Male,39,England,White Collar,07-12-2020,15830.77
200002147,Brian Morgan,Male,63,Scotland,Blue Collar,19-09-2020,15822.61
200001613,Sean Parsons,Male,55,Scotland,Blue Collar,13-08-2020,15817.09
200002974,Jack Fisher,Male,37,Scotland,White Collar,01-11-2020,15811.05
100003831,Lily Reid,Female,36,England,White Collar,20-12-2020,15805.36
200001377,Boris Roberts,Male,53,Scotland,Blue Collar,25-07-2020,15775.81
300001748,Julian Quinn,Male,29,Wales,Other,23-08-2020,15762.18
300003706,Gordon Ross,Male,34,Wales,Other,13-12-2020,15746.62
200000506,Harry Payne,Male,53,Scotland,Blue Collar,15-05-2020,15708.72
200002291,Justin Wallace,Male,36,Scotland,Blue Collar,25-09-2020,15706.01
300000857,Sophie Ince,Female,25,Wales,Blue Collar,12-06-2020,15700.14
100003303,Fiona Churchill,Female,47,England,Blue Collar,22-11-2020,15690.97
200000946,Matt Gibson,Male,53,Scotland,Blue Collar,20-06-2020,15668.02
100003836,Victoria Arnold,Female,34,England,Blue Collar,20-12-2020,15667.57
100001213,Michael Russell,Male,33,England,Other,14-07-2020,15660.89
300002150,Jasmine Mitchell,Female,37,Wales,Other,19-09-2020,15635.08
100002214,Adrian Hudson,Male,40,England,Other,24-09-2020,15634.04
100003806,Sue Rees,Female,22,England,White Collar,19-12-2020,15613.06
100001228,Lucas James,Male,29,England,White Collar,15-07-2020,15560.77
200002835,Madeleine Mills,Female,58,Scotland,Other,26-10-2020,15502.73
100000452,Peter Quinn,Male,40,England,White Collar,12-05-2020,15488.15
200003840,Alison Allan,Female,46,Scotland,Other,20-12-2020,15479.42
300001353,Maria Short,Female,34,Wales,White Collar,23-07-2020,15478.24
100001068,Donna Pullman,Female,35,England,Blue Collar,03-07-2020,15477.05
100000853,Claire Hudson,Female,36,England,White Collar,12-06-2020,15461.71
100002998,Alan Terry,Male,30,England,Blue Collar,03-11-2020,15452.89
200000714,Ian Manning,Male,45,Scotland,Other,28-05-2020,15444.28
200000508,Bella Gibson,Female,47,Scotland,Other,15-05-2020,15438.53
300003912,Amanda May,Female,38,Wales,White Collar,23-12-2020,15436.43
200002972,Piers Kerr,Male,59,Scotland,Other,01-11-2020,15402.84
100000679,Yvonne Lambert,Female,29,England,White Collar,26-05-2020,15392.76
100002936,Audrey Short,Female,42,England,White Collar,31-10-2020,15389.73
100000559,Grace Mills,Female,34,England,White Collar,19-05-2020,15376.5
100000223,Lucas Langdon,Male,32,England,White Collar,14-04-2020,15375.41
200001808,Fiona Edmunds,Female,47,Scotland,White Collar,27-08-2020,15352.66
300001744,Megan Peake,Female,19,Wales,White Collar,23-08-2020,15278.22
200001977,Ryan Dyer,Male,54,Scotland,Other,09-09-2020,15269.36
400003472,Dorothy Bell,Female,34,Northern Ireland,Blue Collar,30-11-2020,15263.47
300002400,Alexandra Butler,Female,36,Wales,Blue Collar,30-09-2020,15245.28
100003598,Rose Arnold,Female,33,England,White Collar,07-12-2020,15241.21
100001266,Piers Reid,Male,39,England,White Collar,19-07-2020,15208.44
300001105,Ava Vaughan,Female,33,Wales,Blue Collar,06-07-2020,15196.68
200003740,Chloe Robertson,Female,42,Scotland,Blue Collar,15-12-2020,15178.11
300003186,Steven Grant,Male,27,Wales,White Collar,14-11-2020,15126.82
200002688,Tracey McDonald,Female,50,Scotland,Other,18-10-2020,15104.72
100000129,Peter Pullman,Male,47,England,White Collar,01-04-2020,15093.04
200000944,Paul Lyman,Male,47,Scotland,Other,20-06-2020,15090.98
300003957,Stephen Hardacre,Male,30,Wales,Blue Collar,26-12-2020,15071.69
100000435,Isaac Rutherford,Male,35,England,White Collar,10-05-2020,15042.08
100001982,Simon Sharp,Male,26,England,Blue Collar,10-09-2020,15031.01
200000070,Kevin Parr,Male,45,Scotland,Other,12-02-2020,15013.76
300000815,Pippa Robertson,Female,29,Wales,White Collar,05-06-2020,15006.48
100002420,Molly Grant,Female,42,England,White Collar,02-10-2020,14989.3
100001188,Zoe Jackson,Female,34,England,Other,13-07-2020,14965.91
300002604,Jasmine Newman,Female,31,Wales,Other,13-10-2020,14961.53
100000241,Oliver Powell,Male,43,England,White Collar,17-04-2020,14946.79
100001418,Adam MacDonald,Male,41,England,White Collar,28-07-2020,14899.94
400000470,James White,Male,27,Northern Ireland,White Collar,12-05-2020,14890.26
100001073,Harry May,Male,37,England,White Collar,04-07-2020,14866.88
200002253,Diana Terry,Female,50,Scotland,Other,24-09-2020,14835.01
100002571,Tim Greene,Male,41,England,White Collar,12-10-2020,14800.36
200003692,Edward Pullman,Male,52,Scotland,White Collar,13-12-2020,14788.77
100001619,Joanne Burgess,Female,28,England,White Collar,14-08-2020,14786.28
100000298,Anna James,Female,26,England,White Collar,23-04-2020,14758.38
300002272,Boris Graham,Male,22,Wales,Blue Collar,24-09-2020,14748.59
100000299,Zoe Johnston,Female,40,England,White Collar,23-04-2020,14730.54
200003292,Peter Sanderson,Male,51,Scotland,Blue Collar,21-11-2020,14724.29
100001051,Jacob Bell,Male,47,England,White Collar,01-07-2020,14703.33
100001880,Harry Powell,Male,36,England,White Collar,01-09-2020,14699.68
300003104,Lucas Newman,Male,42,Wales,White Collar,10-11-2020,14699.25
100000093,Dan Peake,Male,23,England,White Collar,16-03-2020,14699.05
200002648,Nicholas Allan,Male,51,Scotland,Blue Collar,16-10-2020,14693.74
100002076,Deirdre Jackson,Female,29,England,White Collar,16-09-2020,14661.25
200003215,Abigail Skinner,Female,59,Scotland,Other,16-11-2020,14644.76
200003871,Mary Robertson,Female,44,Scotland,Other,22-12-2020,14635.36
300003129,Olivia Hudson,Female,25,Wales,White Collar,11-11-2020,14632.29
300003410,Leonard Hodges,Male,31,Wales,Blue Collar,27-11-2020,14625.23
100002225,Sarah Morrison,Female,37,England,White Collar,24-09-2020,14610.17
400000555,Zoe Murray,Female,38,Northern Ireland,Other,18-05-2020,14606.14
200000581,Alexander Hill,Male,46,Scotland,Blue Collar,19-05-2020,14605.89
100003602,Alexander Ferguson,Male,27,England,Blue Collar,07-12-2020,14601.99
100002561,Ruth Peters,Female,21,England,White Collar,11-10-2020,14599.55
200001828,Jane Burgess,Female,59,Scotland,Blue Collar,28-08-2020,14569.22
100003763,Alexandra Hill,Female,44,England,Other,16-12-2020,14563.87
200002056,Joshua Carr,Male,64,Scotland,Other,14-09-2020,14558.13
200000491,Piers Jones,Male,46,Scotland,Blue Collar,14-05-2020,14557.62
100003668,Abigail Smith,Female,36,England,White Collar,12-12-2020,14544.43
200003072,Penelope Pullman,Female,31,Scotland,Other,08-11-2020,14526.24
100002586,Alexandra Forsyth,Female,43,England,White Collar,13-10-2020,14523.72
100001190,Owen Churchill,Male,26,England,White Collar,13-07-2020,14520.25
100003416,Heather Quinn,Female,35,England,White Collar,28-11-2020,14505.16
100002421,Richard Avery,Male,28,England,White Collar,02-10-2020,14448.61
200001974,Sarah Hardacre,Female,56,Scotland,Other,09-09-2020,14418.78
300001411,Ava White,Female,38,Wales,White Collar,27-07-2020,14400.39
100000247,Claire Dickens,Female,33,England,White Collar,17-04-2020,14380.27
100002891,Richard Nash,Male,39,England,White Collar,29-10-2020,14367.29
100000934,Heather Abraham,Female,35,England,White Collar,20-06-2020,14360.43
400000048,Carolyn Lewis,Female,19,Northern Ireland,Other,08-02-2020,14337.82
100001888,Michelle Gibson,Female,33,England,White Collar,02-09-2020,14301.43
100001133,Anthony Glover,Male,22,England,White Collar,09-07-2020,14282.81
100000816,Cameron Chapman,Male,45,England,White Collar,06-06-2020,14279.24
200002350,Gavin Jones,Male,47,Scotland,Blue Collar,28-09-2020,14273.21
200001587,Jake Ellison,Male,64,Scotland,Other,11-08-2020,14242.57
100003387,Christopher Randall,Male,29,England,White Collar,27-11-2020,14187.24
100000932,Abigail Ferguson,Female,30,England,White Collar,20-06-2020,14184.7
100001301,Carolyn Ellison,Female,35,England,White Collar,22-07-2020,14125.9
100001346,Deirdre Clarkson,Female,33,England,White Collar,23-07-2020,14121.7
300000032,Warren Edmunds,Male,30,Wales,White Collar,28-01-2020,14094.01
100002824,Evan Grant,Male,38,England,White Collar,26-10-2020,14042.25
100000276,Brandon Miller,Male,30,England,Blue Collar,19-04-2020,14034.12
100003591,Carl Ferguson,Male,39,England,White Collar,07-12-2020,14024.55
100002172,Keith Slater,Male,34,England,White Collar,21-09-2020,14010.06
300002316,Jan Randall,Female,34,Wales,White Collar,26-09-2020,14009.77
400001457,Diane Tucker,Female,37,Northern Ireland,White Collar,30-07-2020,13937.18
400002277,Vanessa McLean,Female,38,Northern Ireland,Other,24-09-2020,13914.8
300003973,Piers Ross,Male,29,Wales,Other,27-12-2020,13910.24
100003576,Samantha Wilkins,Female,27,England,White Collar,06-12-2020,13854.47
100003393,Dylan Parr,Male,38,England,White Collar,27-11-2020,13849.75
100002372,Faith Berry,Female,26,England,White Collar,29-09-2020,13836.11
100002802,Diane McGrath,Female,23,England,White Collar,26-10-2020,13772.7
200000683,Piers Gray,Male,60,Scotland,Blue Collar,26-05-2020,13764.72
400002585,Zoe Welch,Female,29,Northern Ireland,Blue Collar,12-10-2020,13733.52
100002342,Hannah Russell,Female,30,England,Blue Collar,28-09-2020,13717.09
100002682,Fiona Clarkson,Female,25,England,White Collar,18-10-2020,13710.31
200001736,Sue Watson,Female,59,Scotland,Other,23-08-2020,13708.97
100001805,Stewart Short,Male,33,England,Other,27-08-2020,13701.41
100003684,Dan Lawrence,Male,36,England,Other,13-12-2020,13698.63
200000828,Christopher Langdon,Male,45,Scotland,Other,07-06-2020,13683.26
100001429,David Lyman,Male,32,England,White Collar,29-07-2020,13668.23
200001517,Tim Sanderson,Male,53,Scotland,Other,05-08-2020,13667.27
200003626,Isaac Hamilton,Male,52,Scotland,Other,09-12-2020,13622.87
100000402,Kylie McDonald,Female,32,England,White Collar,07-05-2020,13621.48
100003733,Wendy Mitchell,Female,28,England,Blue Collar,15-12-2020,13618.72
100001595,Bella Avery,Female,40,England,Blue Collar,12-08-2020,13612.39
300000302,William Wilkins,Male,30,Wales,Blue Collar,23-04-2020,13597.9
200003152,William Sanderson,Male,51,Scotland,Other,13-11-2020,13547.12
200002665,Oliver Davidson,Male,52,Scotland,Other,17-10-2020,13536.36
100002985,Stephen Lewis,Male,37,England,White Collar,02-11-2020,13518.54
200002187,Leah Gibson,Female,46,Scotland,Other,22-09-2020,13507.48
100000214,Faith McDonald,Female,21,England,Other,13-04-2020,13487.9
100003196,Leonard Ferguson,Male,28,England,Other,15-11-2020,13468.66
200001450,Jake Clark,Male,52,Scotland,Other,30-07-2020,13419.57
200000354,Ian Kerr,Male,42,Scotland,Other,03-05-2020,13414.22
100000250,Amelia Mathis,Female,30,England,Blue Collar,17-04-2020,13407.54
100003039,Nicholas King,Male,28,England,White Collar,06-11-2020,13390.78
200002777,Blake Young,Male,59,Scotland,Blue Collar,24-10-2020,13364.78
400001234,Olivia Dyer,Female,17,Northern Ireland,Other,15-07-2020,13301.43
100003046,Heather Johnston,Female,26,England,White Collar,07-11-2020,13299.35
200000100,Carolyn Robertson,Female,56,Scotland,Other,16-03-2020,13251.27
200002447,Justin Sanderson,Male,58,Scotland,Blue Collar,03-10-2020,13230.47
100000171,John Hughes,Male,38,England,White Collar,06-04-2020,13181.22
100003146,Ian Powell,Male,44,England,White Collar,13-11-2020,13179.89
200000266,Karen Oliver,Female,28,Scotland,Other,17-04-2020,13162.58
100000381,Kimberly Bond,Female,41,England,White Collar,06-05-2020,13162.58
300003263,Vanessa Parsons,Female,30,Wales,White Collar,19-11-2020,13139.08
100001176,Rose Lewis,Female,32,England,White Collar,12-07-2020,13100.46
200003242,Samantha Walker,Female,39,Scotland,Other,17-11-2020,13061.49
100000882,Piers Simpson,Male,23,England,White Collar,15-06-2020,13049.38
100002403,Gavin Lyman,Male,33,England,White Collar,01-10-2020,13036.35
300002489,Andrew Tucker,Male,37,Wales,White Collar,06-10-2020,13005.94
100000782,Penelope Rampling,Female,31,England,White Collar,02-06-2020,12994.54
100000136,Christopher Mackenzie,Male,26,England,White Collar,02-04-2020,12994.18
100001620,Rose Glover,Female,41,England,Blue Collar,14-08-2020,12978.24
100001250,Simon Cornish,Male,19,England,White Collar,17-07-2020,12964.93
100003199,Luke James,Male,32,England,White Collar,15-11-2020,12954.98
200003030,Amelia Fisher,Female,44,Scotland,Other,05-11-2020,12939.73
100001543,Evan Arnold,Male,26,England,White Collar,08-08-2020,12883.77
100002720,Peter Peters,Male,38,England,Blue Collar,21-10-2020,12881.77
200003721,Victor Arnold,Male,57,Scotland,Blue Collar,14-12-2020,12857.71
200000039,Luke Martin,Male,35,Scotland,Blue Collar,31-01-2020,12848.59
300002617,Paul Langdon,Male,35,Wales,White Collar,14-10-2020,12813.83
100002525,Nicholas Hunter,Male,33,England,Blue Collar,09-10-2020,12798.63
200002485,Heather King,Female,53,Scotland,Other,06-10-2020,12769.93
200003260,Brandon Terry,Male,51,Scotland,Blue Collar,19-11-2020,12765.42
200002091,David Cameron,Male,54,Scotland,Other,16-09-2020,12749.4
100002096,Zoe Miller,Female,39,England,White Collar,17-09-2020,12748.71
300003704,Liam Paterson,Male,35,Wales,Blue Collar,13-12-2020,12738.86
100001290,Joseph Davies,Male,41,England,White Collar,21-07-2020,12737.83
100001783,Frank Cornish,Male,31,England,White Collar,26-08-2020,12728.29
200000537,Rebecca Simpson,Female,50,Scotland,Other,17-05-2020,12726.77
100001280,Gordon Stewart,Male,53,England,Other,20-07-2020,12714.42
100001727,Trevor Parsons,Male,38,England,White Collar,23-08-2020,12703.52
100001730,Edward MacDonald,Male,30,England,Other,23-08-2020,12647.17
200002978,Carl Lyman,Male,52,Scotland,Blue Collar,01-11-2020,12638.78
100002431,Julian Lambert,Male,40,England,White Collar,03-10-2020,12622.63
200000107,Ian Wilson,Male,36,Scotland,Blue Collar,16-03-2020,12616.44
200001762,Stephen Marshall,Male,50,Scotland,Blue Collar,24-08-2020,12610.37
100001661,Neil Gray,Male,26,England,White Collar,18-08-2020,12604.91
100003166,Karen Walker,Female,25,England,Other,14-11-2020,12589.45
300001008,Justin Carr,Male,33,Wales,Blue Collar,27-06-2020,12567.26
100000283,Stephanie Smith,Female,34,England,White Collar,20-04-2020,12559.26
400002638,Jennifer Sanderson,Female,15,Northern Ireland,White Collar,15-10-2020,12548.21
100003475,Fiona Ferguson,Female,33,England,White Collar,01-12-2020,12547.19
100002194,Alison Nash,Female,45,England,Blue Collar,23-09-2020,12508.07
100002114,Sally Churchill,Female,37,England,White Collar,18-09-2020,12504.73
200003559,Phil Powell,Male,37,Scotland,Blue Collar,05-12-2020,12500.3
100002343,Theresa Ferguson,Female,31,England,White Collar,28-09-2020,12498.12
200002377,Simon Gray,Male,46,Scotland,White Collar,29-09-2020,12483.24
100003945,Carolyn Chapman,Female,41,England,Blue Collar,26-12-2020,12434.03
300003074,Grace Davidson,Female,38,Wales,White Collar,08-11-2020,12426.64
100000564,Leonard Paige,Male,27,England,White Collar,19-05-2020,12420.86
100000117,Amy McGrath,Female,40,England,Other,25-03-2020,12415.5
200002445,Carolyn Cornish,Female,48,Scotland,Other,03-10-2020,12405.42
100000329,Deirdre Coleman,Female,37,England,White Collar,28-04-2020,12405.07
100002327,Adrian Ross,Male,31,England,White Collar,27-09-2020,12395.4
100002869,Michael Roberts,Male,31,England,White Collar,28-10-2020,12383.01
100003038,Dylan Chapman,Male,38,England,White Collar,06-11-2020,12380.76
100003434,Sue Gill,Female,33,England,White Collar,29-11-2020,12357.62
100002002,Jan Blake,Female,30,England,White Collar,11-09-2020,12356.64
100000858,Simon Baker,Male,45,England,Blue Collar,13-06-2020,12326.19
100003249,Steven Wright,Male,43,England,White Collar,18-11-2020,12324.12
100000125,Jonathan MacDonald,Male,27,England,White Collar,01-04-2020,12312.49
100003322,Dominic Cornish,Male,47,England,White Collar,24-11-2020,12302.28
200003771,Dylan Lee,Male,25,Scotland,Blue Collar,16-12-2020,12294.54
100000193,Jane Wright,Female,44,England,Other,10-04-2020,12283.3
100002035,Kevin Rees,Male,29,England,White Collar,13-09-2020,12258.48
100002389,Felicity Oliver,Female,45,England,Other,30-09-2020,12247.62
100003251,Evan Walker,Male,34,England,White Collar,18-11-2020,12238.08
200002351,Amelia Short,Female,55,Scotland,Other,28-09-2020,12232.83
200000950,Adrian Dowd,Male,55,Scotland,Blue Collar,20-06-2020,12231.08
100000893,Donna Butler,Female,41,England,White Collar,16-06-2020,12212.85
200002975,Lauren Russell,Female,52,Scotland,Other,01-11-2020,12210.94
200000750,Anthony Mackenzie,Male,43,Scotland,Other,30-05-2020,12188.75
100002221,Joseph Lee,Male,37,England,White Collar,24-09-2020,12160.79
200001711,Christopher Edmunds,Male,34,Scotland,White Collar,22-08-2020,12137.16
200003925,Katherine Smith,Female,54,Scotland,Other,24-12-2020,12121.66
200000384,Bella Bailey,Female,42,Scotland,Other,06-05-2020,12088.72
100001723,Chloe Roberts,Female,28,England,White Collar,23-08-2020,12085.14
100002612,Warren Avery,Male,28,England,White Collar,14-10-2020,12028.2
100001003,Amy Howard,Female,32,England,Blue Collar,27-06-2020,12013.82
300001749,Julia Newman,Female,41,Wales,White Collar,23-08-2020,12003.06
200003898,William Vance,Male,58,Scotland,Blue Collar,23-12-2020,11925.05
200001045,Deirdre James,Female,51,Scotland,Other,30-06-2020,11909.63
200001436,Leonard Jones,Male,56,Scotland,Blue Collar,29-07-2020,11897.17
100002017,Tim Reid,Male,43,England,White Collar,12-09-2020,11880.68
100000239,Natalie Welch,Female,35,England,White Collar,17-04-2020,11880.47
100001299,Adam Duncan,Male,43,England,White Collar,22-07-2020,11873.22
200003155,Virginia Jones,Female,56,Scotland,Other,13-11-2020,11863.42
200003562,Leonard Mackenzie,Male,48,Scotland,Blue Collar,05-12-2020,11862.81
100002302,Neil Wright,Male,28,England,Other,26-09-2020,11825.37
100001796,Boris Terry,Male,36,England,Blue Collar,27-08-2020,11743.7
100003377,Jessica Peake,Female,29,England,Other,27-11-2020,11738.7
200002535,Evan Paige,Male,60,Scotland,Blue Collar,09-10-2020,11663.35
200003663,Kevin Hill,Male,47,Scotland,Blue Collar,11-12-2020,11644.61
400000653,Sam Campbell,Male,35,Northern Ireland,White Collar,23-05-2020,11638.39
100002678,Irene Rees,Female,35,England,White Collar,18-10-2020,11634.97
100003277,William Glover,Male,42,England,White Collar,21-11-2020,11632.9
300003470,Anna Reid,Female,41,Wales,White Collar,30-11-2020,11632.48
100000082,Neil Robertson,Male,20,England,White Collar,16-03-2020,11624.36
300001064,Austin Vance,Male,42,Wales,Other,02-07-2020,11609.33
200000974,Richard North,Male,58,Scotland,Other,23-06-2020,11596.34
400001551,Anna Scott,Female,36,Northern Ireland,Other,08-08-2020,11566.5
200001042,Trevor Campbell,Male,45,Scotland,Blue Collar,30-06-2020,11565.04
200001951,Alexander Springer,Male,54,Scotland,Blue Collar,07-09-2020,11561.43
300002270,Neil Lawrence,Male,35,Wales,White Collar,24-09-2020,11552.18
100002190,Vanessa Miller,Female,28,England,White Collar,23-09-2020,11549.67
100002825,Mary Peters,Female,29,England,Other,26-10-2020,11504.49
100000020,Audrey Jones,Female,46,England,Blue Collar,15-01-2020,11462.64
100003380,Victor Cameron,Male,20,England,White Collar,27-11-2020,11434.59
200000389,Leonard Thomson,Male,38,Scotland,Blue Collar,06-05-2020,11418.92
200001963,Joshua Smith,Male,53,Scotland,Other,08-09-2020,11375.64
400001297,Christian Hudson,Male,32,Northern Ireland,Other,21-07-2020,11297.19
100002560,Leonard James,Male,29,England,White Collar,11-10-2020,11246.02
200003580,Keith Graham,Male,61,Scotland,Blue Collar,06-12-2020,11242.54
200002973,John Scott,Male,48,Scotland,Blue Collar,01-11-2020,11240.91
400001393,Wanda Peake,Female,21,Northern Ireland,Blue Collar,26-07-2020,11236.25
300002729,Harry Burgess,Male,33,Wales,White Collar,21-10-2020,11224.82
100001798,Tim Turner,Male,25,England,White Collar,27-08-2020,11186.61
400002280,Connor Fisher,Male,29,Northern Ireland,Blue Collar,24-09-2020,11180.72
100002061,Ryan Piper,Male,33,England,Blue Collar,15-09-2020,11150.82
200001622,Alan Pullman,Male,51,Scotland,Other,14-08-2020,11139.78
100003487,Rose Parsons,Female,44,England,Other,02-12-2020,11121.96
100003398,Carl Mills,Male,41,England,White Collar,27-11-2020,11104.86
300000675,Matt Davies,Male,26,Wales,Blue Collar,25-05-2020,11076.52
100003270,Zoe Vaughan,Female,37,England,Blue Collar,20-11-2020,11073.76
200003699,Phil Carr,Male,48,Scotland,Blue Collar,13-12-2020,11035
100003820,Hans Dickens,Male,39,England,White Collar,19-12-2020,11024.75
100001123,Deirdre Payne,Female,43,England,White Collar,08-07-2020,10959.59
200000355,Sebastian Welch,Male,46,Scotland,Blue Collar,03-05-2020,10950.36
100000693,Kevin Glover,Male,32,England,White Collar,27-05-2020,10926.7
300003035,Wanda Fisher,Female,40,Wales,White Collar,05-11-2020,10914.74
100001553,Julian Blake,Male,44,England,Blue Collar,09-08-2020,10912.78
100000010,Dominic Parr,Male,42,England,White Collar,12-01-2020,10912.45
100002646,Warren Gill,Male,37,England,White Collar,16-10-2020,10911.82
200001549,Evan Sharp,Male,55,Scotland,Blue Collar,08-08-2020,10903.24
200002296,John Forsyth,Male,45,Scotland,Blue Collar,25-09-2020,10899.65
100003975,Colin Lambert,Male,37,England,White Collar,28-12-2020,10887.08
100000790,Sonia Hughes,Female,51,England,White Collar,03-06-2020,10872.02
100003045,Julia Campbell,Female,32,England,Blue Collar,07-11-2020,10818.08
100000546,Donna Johnston,Female,24,England,Blue Collar,18-05-2020,10816.33
100000030,Luke Wilkins,Male,42,England,White Collar,27-01-2020,10813.83
100001227,Sally Bond,Female,42,England,Blue Collar,15-07-2020,10810.61
200003139,Richard Mackay,Male,58,Scotland,Blue Collar,12-11-2020,10786.24
200001836,Luke Mitchell,Male,58,Scotland,Other,29-08-2020,10783.63
200003122,Matt Fraser,Male,45,Scotland,Blue Collar,11-11-2020,10760.17
200001253,Mary Churchill,Female,55,Scotland,Other,17-07-2020,10738.26
300001885,Adrian Edmunds,Male,32,Wales,White Collar,01-09-2020,10728.12
200000855,John Campbell,Male,40,Scotland,Blue Collar,12-06-2020,10718.8
100002626,Heather Fisher,Female,35,England,White Collar,15-10-2020,10708.34
100000138,Richard Hemmings,Male,37,England,White Collar,02-04-2020,10704.25
100001445,Rebecca Jackson,Female,28,England,Other,30-07-2020,10688.34
100003273,Angela Berry,Female,39,England,Blue Collar,20-11-2020,10685.07
200001678,Amanda Henderson,Female,47,Scotland,Other,20-08-2020,10671.26
200002208,Nicholas Graham,Male,56,Scotland,Blue Collar,23-09-2020,10642.44
200001295,Elizabeth Clarkson,Female,45,Scotland,Other,21-07-2020,10628.71
100002453,Wendy Skinner,Female,34,England,White Collar,04-10-2020,10594.11
200000264,Lily Davies,Female,48,Scotland,Other,17-04-2020,10577.52
100002450,Amy Hill,Female,42,England,Other,04-10-2020,10562.39
200001464,Bernadette Watson,Female,43,Scotland,Other,31-07-2020,10513.17
100002513,Lillian Hunter,Female,31,England,White Collar,08-10-2020,10512.25
200002264,Leonard Mills,Male,45,Scotland,Other,24-09-2020,10508.74
100003849,Katherine Avery,Female,32,England,Blue Collar,21-12-2020,10488.42
100002341,Dominic Black,Male,41,England,Other,28-09-2020,10486.23
100000127,Emma Fraser,Female,27,England,White Collar,01-04-2020,10481.48
200003528,Yvonne Ellison,Female,41,Scotland,Other,03-12-2020,10473.35
200001994,Steven Brown,Male,45,Scotland,Other,10-09-2020,10473.26
400000625,Eric Oliver,Male,22,Northern Ireland,White Collar,21-05-2020,10472.49
300002761,Samantha Avery,Female,29,Wales,White Collar,23-10-2020,10423.88
200003802,Rose McGrath,Female,46,Scotland,White Collar,18-12-2020,10394.28
100003165,Liam Clark,Male,31,England,White Collar,14-11-2020,10377.13
200001838,Dominic May,Male,24,Scotland,Other,29-08-2020,10369.95
200000017,Grace Hill,Female,31,Scotland,Other,14-01-2020,10356.31
200002311,Kevin Howard,Male,64,Scotland,Blue Collar,26-09-2020,10325.52
200003404,Michael Terry,Male,49,Scotland,Blue Collar,27-11-2020,10315.47
200001252,Alan Campbell,Male,34,Scotland,Blue Collar,17-07-2020,10309.36
100000451,Tracey Thomson,Female,36,England,Blue Collar,12-05-2020,10303.92
200001975,Jack Kerr,Male,43,Scotland,Blue Collar,09-09-2020,10301.71
100003208,Joshua James,Male,35,England,White Collar,16-11-2020,10291.64
200000607,Brian Arnold,Male,45,Scotland,White Collar,20-05-2020,10273.77
200003980,Caroline Churchill,Female,44,Scotland,Other,28-12-2020,10268.99
100003638,Vanessa Hunter,Female,40,England,White Collar,10-12-2020,10266.95
100000142,Sam Russell,Male,23,England,White Collar,03-04-2020,10249.56
400001939,Richard Dowd,Male,21,Northern Ireland,White Collar,06-09-2020,10248.59
100002700,Joanne Walker,Female,35,England,White Collar,20-10-2020,10247.99
100003593,Warren Lee,Male,31,England,White Collar,07-12-2020,10247.13
100001715,Warren Parr,Male,32,England,Blue Collar,23-08-2020,10239.67
200003825,Harry Nolan,Male,58,Scotland,Blue Collar,19-12-2020,10235.19
200000166,William Mitchell,Male,51,Scotland,Blue Collar,05-04-2020,10229.63
100001987,Andrew Skinner,Male,27,England,Other,10-09-2020,10223.59
100000874,Julia Alsop,Female,34,England,White Collar,14-06-2020,10218.7
100000234,Brian Mackay,Male,42,England,White Collar,16-04-2020,10199.66
100001673,Jacob Mathis,Male,39,England,White Collar,20-08-2020,10188.53
100003192,Sean Springer,Male,27,England,White Collar,15-11-2020,10183.23
100000345,Benjamin Ince,Male,36,England,White Collar,30-04-2020,10174.7
100000275,Victor Avery,Male,42,England,White Collar,19-04-2020,10114.95
100001832,Nicola Blake,Female,36,England,Other,29-08-2020,10057.04
100001057,Diana Ross,Female,26,England,Other,02-07-2020,10054.71
200002260,Jennifer Forsyth,Female,43,Scotland,Other,24-09-2020,10037.76
200002411,Angela Paterson,Female,56,Scotland,Other,01-10-2020,10029.71
200000548,Emily King,Female,63,Scotland,Other,18-05-2020,10013.03
200000644,Tim Marshall,Male,48,Scotland,Blue Collar,23-05-2020,9997.81
100002587,Adrian Terry,Male,33,England,White Collar,13-10-2020,9987.42
100002391,Gordon Russell,Male,29,England,White Collar,30-09-2020,9979.14
100001095,Pippa Nash,Female,45,England,Other,06-07-2020,9976.92
100002457,Joseph Rees,Male,39,England,Blue Collar,04-10-2020,9947.41
200002667,Boris Gray,Male,59,Scotland,Blue Collar,17-10-2020,9905.53
300003654,Melanie Short,Female,42,Wales,White Collar,10-12-2020,9904.77
200000819,Katherine Grant,Female,55,Scotland,Other,06-06-2020,9885.69
100000226,Gordon Fraser,Male,40,England,White Collar,14-04-2020,9875.43
100000245,Matt Graham,Male,31,England,White Collar,17-04-2020,9867.56
300001442,Jessica Tucker,Female,46,Wales,White Collar,29-07-2020,9867.56
100003257,John Henderson,Male,27,England,Blue Collar,19-11-2020,9866.04
100003225,Colin Johnston,Male,31,England,White Collar,17-11-2020,9814.58
200002873,Justin Piper,Male,49,Scotland,Blue Collar,28-10-2020,9806.38
100003819,John Abraham,Male,40,England,White Collar,19-12-2020,9785.44
100001897,James Wilkins,Male,36,England,White Collar,03-09-2020,9780.79
100003190,Andrea Forsyth,Female,44,England,White Collar,15-11-2020,9777.9
200001330,Joshua Black,Male,19,Scotland,White Collar,22-07-2020,9758.09
200003184,Jan White,Female,48,Scotland,Other,14-11-2020,9758.08
400002521,Penelope Parsons,Female,20,Northern Ireland,Other,08-10-2020,9707.95
100000042,Diane Black,Female,35,England,White Collar,01-02-2020,9695.7
300001629,Lily Clarkson,Female,36,Wales,Other,14-08-2020,9679.91
300000418,Christian McLean,Male,44,Wales,White Collar,08-05-2020,9667.85
200002923,Sonia Bower,Female,45,Scotland,Other,30-10-2020,9654.58
100000809,Dylan Mathis,Male,29,England,White Collar,05-06-2020,9644.68
100002556,Ella Langdon,Female,29,England,White Collar,11-10-2020,9622.64
200001296,Alan Fraser,Male,50,Scotland,White Collar,21-07-2020,9604.4
100000132,James Marshall,Male,20,England,Blue Collar,01-04-2020,9578.65
100003076,Julian Hunter,Male,29,England,Blue Collar,09-11-2020,9567.74
100002679,Grace MacDonald,Female,46,England,Blue Collar,18-10-2020,9564.07
200003648,Jason Young,Male,40,Scotland,Other,10-12-2020,9554.52
200002597,Alan Walker,Male,43,Scotland,Other,13-10-2020,9546.56
200000532,Frank Parr,Male,53,Scotland,Blue Collar,17-05-2020,9531.85
400000757,Joanne King,Female,45,Northern Ireland,Other,30-05-2020,9490.02
400001140,Richard Kelly,Male,31,Northern Ireland,White Collar,09-07-2020,9482.02
300003656,Samantha Edmunds,Female,29,Wales,White Collar,10-12-2020,9471.18
400001666,Jake Mathis,Male,35,Northern Ireland,White Collar,18-08-2020,9465.58
100001206,Gavin Nash,Male,30,England,Blue Collar,14-07-2020,9446.43
100003096,Christian Hemmings,Male,26,England,Blue Collar,10-11-2020,9438.06
100000189,Wendy Morrison,Female,40,England,White Collar,08-04-2020,9431.04
400000758,Julia McDonald,Female,26,Northern Ireland,White Collar,30-05-2020,9406.12
100000936,Alexandra Henderson,Female,36,England,White Collar,20-06-2020,9406.07
300001254,Lauren Lyman,Female,36,Wales,White Collar,17-07-2020,9366.57
100003358,Melanie Rees,Female,36,England,White Collar,26-11-2020,9356.5
100001024,Paul Hemmings,Male,36,England,Blue Collar,29-06-2020,9352.12
200000774,Blake Vance,Male,34,Scotland,Blue Collar,01-06-2020,9347.83
100000083,Paul Mackay,Male,31,England,Blue Collar,16-03-2020,9346.66
100000783,Christopher Davies,Male,48,England,White Collar,02-06-2020,9344.48
300002757,Simon King,Male,41,Wales,Other,23-10-2020,9293.04
100003150,Lauren Skinner,Female,32,England,White Collar,13-11-2020,9287.63
100002465,Amy Jones,Female,34,England,White Collar,05-10-2020,9286.99
100002986,Dorothy Rutherford,Female,18,England,Other,02-11-2020,9281.39
200002043,Tim Carr,Male,56,Scotland,Blue Collar,13-09-2020,9249.08
100003077,Katherine Dyer,Female,47,England,White Collar,09-11-2020,9244.66
200003722,Joseph Watson,Male,37,Scotland,Blue Collar,14-12-2020,9217.66
100003058,Bernadette May,Female,44,England,White Collar,08-11-2020,9209.02
200002093,Colin Russell,Male,45,Scotland,Other,16-09-2020,9207.62
100002238,Andrew MacLeod,Male,34,England,White Collar,24-09-2020,9197.04
100000498,Emma Lewis,Female,37,England,Blue Collar,15-05-2020,9178.75
200002668,Heather Watson,Female,47,Scotland,Other,17-10-2020,9169.82
100003517,William Sutherland,Male,33,England,White Collar,03-12-2020,9165.84
200001350,Alexander Bell,Male,46,Scotland,Blue Collar,23-07-2020,9163.19
100003211,Julian Jones,Male,44,England,White Collar,16-11-2020,9161.15
300002179,Jessica Sharp,Female,43,Wales,Blue Collar,21-09-2020,9130.19
100000377,Samantha Knox,Female,49,England,Other,06-05-2020,9119.52
100002851,Ella Watson,Female,33,England,White Collar,27-10-2020,9113.19
100001760,Jasmine Vaughan,Female,36,England,Other,24-08-2020,9106.91
100000860,Rebecca Ross,Female,38,England,White Collar,13-06-2020,9100.32
100002018,Neil Chapman,Male,31,England,Blue Collar,12-09-2020,9099.81
100000861,Sally Graham,Female,47,England,Blue Collar,13-06-2020,9098.32
100003587,Ruth Churchill,Female,35,England,White Collar,07-12-2020,9096.77
100002021,Grace Campbell,Female,38,England,White Collar,12-09-2020,9071.71
100000478,Bernadette Forsyth,Female,33,England,White Collar,13-05-2020,9069.47
100003269,Simon Henderson,Male,32,England,White Collar,20-11-2020,9068.75
200000608,Adrian Wright,Male,44,Scotland,Other,20-05-2020,9061.01
200003476,Deirdre Morgan,Female,42,Scotland,Other,01-12-2020,9013.24
100002402,Jack Lambert,Male,47,England,White Collar,01-10-2020,8964.65
100001634,Keith Edmunds,Male,28,England,White Collar,15-08-2020,8958.39
100003584,Deirdre Underwood,Female,36,England,White Collar,07-12-2020,8942.95
200003568,Stephanie Cornish,Female,41,Scotland,Other,05-12-2020,8910.56
100001516,Julian Thomson,Male,31,England,White Collar,05-08-2020,8857.19
200000802,Eric Slater,Male,54,Scotland,Other,04-06-2020,8844.87
200003261,Natalie Bower,Female,43,Scotland,Other,19-11-2020,8837.34
100002511,Dylan Hughes,Male,37,England,Other,08-10-2020,8819.9
100000305,Kevin Springer,Male,29,England,White Collar,24-04-2020,8802.24
100001537,Adam Bailey,Male,26,England,White Collar,07-08-2020,8708.57
100000798,Karen Tucker,Female,27,England,Other,04-06-2020,8680.37
100003538,Stewart Anderson,Male,37,England,White Collar,04-12-2020,8679.67
100001007,Robert Lyman,Male,47,England,Blue Collar,27-06-2020,8610.86
100003001,Matt Abraham,Male,47,England,Blue Collar,03-11-2020,8576.46
200002832,Abigail Hodges,Female,52,Scotland,Other,26-10-2020,8526.86
100000574,Dylan Marshall,Male,25,England,Other,19-05-2020,8518.46
300003130,Rachel Dowd,Female,34,Wales,White Collar,11-11-2020,8456.78
200000792,Victor Mathis,Male,55,Scotland,Blue Collar,03-06-2020,8441.89
100004005,John Hamilton,Male,45,England,White Collar,30-12-2020,8435.91
100003083,Connor White,Male,30,England,White Collar,09-11-2020,8422.3
300000733,Peter Henderson,Male,47,Wales,Blue Collar,29-05-2020,8395.45
200001638,Jonathan North,Male,63,Scotland,Other,16-08-2020,8391.79
200000671,Carolyn Arnold,Female,61,Scotland,Other,25-05-2020,8367.59
300001104,Stephen Parr,Male,44,Wales,Blue Collar,06-07-2020,8365.04
100001943,Jonathan Brown,Male,36,England,White Collar,07-09-2020,8335.97
200000414,Sebastian Langdon,Male,45,Scotland,Other,08-05-2020,8313.86
200003493,Jane Quinn,Female,53,Scotland,White Collar,02-12-2020,8313.3
100002084,Paul Paterson,Male,47,England,Other,16-09-2020,8300.29
300001680,Anna Murray,Female,33,Wales,White Collar,20-08-2020,8271.07
400002014,Amy Kerr,Female,31,Northern Ireland,Other,11-09-2020,8261.2
100002672,Simon Buckland,Male,35,England,White Collar,18-10-2020,8257.62
300000495,Stephen Poole,Male,40,Wales,White Collar,14-05-2020,8257.16
300004002,Austin Paterson,Male,30,Wales,White Collar,29-12-2020,8250.75
100000422,Brian Simpson,Male,35,England,White Collar,09-05-2020,8245.73
200003842,Christopher Hart,Male,54,Scotland,Blue Collar,20-12-2020,8216.23
100003206,Elizabeth Parr,Female,35,England,White Collar,16-11-2020,8196.9
100001632,Jan Avery,Female,28,England,White Collar,15-08-2020,8195.76
300003144,Oliver Roberts,Male,41,Wales,White Collar,12-11-2020,8176.98
100001324,Boris Hughes,Male,35,England,White Collar,22-07-2020,8167.59
200003521,Isaac Langdon,Male,51,Scotland,Blue Collar,03-12-2020,8142.18
300001747,David Wright,Male,44,Wales,White Collar,23-08-2020,8128.57
100002527,Owen Scott,Male,27,England,White Collar,09-10-2020,8121.14
100000360,Emma Fisher,Female,44,England,White Collar,04-05-2020,8118.3
200002247,David McLean,Male,43,Scotland,Other,24-09-2020,8115.05
200000629,Benjamin McDonald,Male,48,Scotland,Other,22-05-2020,8114.82
300001218,Brian Payne,Male,42,Wales,Other,14-07-2020,8102.48
100002134,Stephanie Nolan,Female,30,England,Blue Collar,19-09-2020,8100.12
100002787,Carol Ince,Female,41,England,White Collar,25-10-2020,8082.88
100001731,Caroline MacDonald,Female,38,England,White Collar,23-08-2020,8080.08
100003174,Leonard Ball,Male,36,England,White Collar,14-11-2020,8060.05
200001735,Brandon Howard,Male,61,Scotland,Blue Collar,23-08-2020,7992.21
300001626,Sue Rutherford,Female,37,Wales,White Collar,14-08-2020,7981.83
100002866,Luke Hardacre,Male,41,England,Blue Collar,28-10-2020,7976.04
100002138,Adrian McDonald,Male,33,England,White Collar,19-09-2020,7974.93
100000547,Sue Baker,Female,40,England,White Collar,18-05-2020,7924.91
300003320,Keith Jones,Male,27,Wales,White Collar,23-11-2020,7897.23
200002463,Nicola Dyer,Female,53,Scotland,Other,04-10-2020,7887.99
200003790,Mary White,Female,49,Scotland,Other,17-12-2020,7873.92
100001961,Justin Langdon,Male,34,England,Other,08-09-2020,7842.61
100002322,Audrey Piper,Female,43,England,White Collar,27-09-2020,7835.46
200003121,Ruth Davies,Female,27,Scotland,Other,11-11-2020,7835.23
400000741,Fiona Rees,Female,38,Northern Ireland,Other,29-05-2020,7828.3
400001413,Rachel Nolan,Female,52,Northern Ireland,Other,27-07-2020,7764.71
200001437,Ruth Kelly,Female,48,Scotland,Other,29-07-2020,7764.14
100002436,Sean Mitchell,Male,40,England,White Collar,03-10-2020,7741.38
100000925,Andrew Bell,Male,34,England,White Collar,20-06-2020,7729.88
100003865,Carl Hemmings,Male,36,England,White Collar,22-12-2020,7729.82
100003395,Austin Lyman,Male,33,England,Other,27-11-2020,7716.87
300000551,Cameron Knox,Male,35,Wales,Other,18-05-2020,7709.87
300001256,Harry Morrison,Male,50,Wales,White Collar,17-07-2020,7697.3
100001717,Nathan Hudson,Male,26,England,White Collar,23-08-2020,7685.3
200001231,Michelle Powell,Female,43,Scotland,Other,15-07-2020,7670.6
300002209,Jasmine Henderson,Female,29,Wales,Blue Collar,23-09-2020,7614.4
100000160,Alexander Walker,Male,38,England,White Collar,05-04-2020,7602.94
100001707,Grace Russell,Female,41,England,White Collar,22-08-2020,7598.49
100003489,Stewart Hughes,Male,33,England,White Collar,02-12-2020,7593.12
100000335,Karen May,Female,42,England,Blue Collar,29-04-2020,7583.72
200001059,Jan Hamilton,Female,51,Scotland,Blue Collar,02-07-2020,7573.67
200000987,Dylan Bond,Male,42,Scotland,Blue Collar,24-06-2020,7562.83
300002874,Fiona Piper,Female,25,Wales,White Collar,28-10-2020,7558.84
300003910,Joe Gibson,Male,24,Wales,Other,23-12-2020,7552.5
100002734,Olivia May,Female,40,England,White Collar,22-10-2020,7551.16
300001925,Tracey Mills,Female,31,Wales,Other,05-09-2020,7541.33
200002161,Benjamin Sanderson,Male,46,Scotland,Blue Collar,20-09-2020,7532.32
100002054,Rebecca Vance,Female,34,England,White Collar,14-09-2020,7520
100000566,Diane Berry,Female,36,England,White Collar,19-05-2020,7483.28
100001546,Victoria Clarkson,Female,37,England,White Collar,08-08-2020,7467.05
100000327,Dominic Miller,Male,40,England,Other,28-04-2020,7463.59
100002117,Frank North,Male,36,England,White Collar,18-09-2020,7441.87
200003297,Jake Randall,Male,54,Scotland,Blue Collar,21-11-2020,7410.73
100002449,John MacDonald,Male,27,England,Blue Collar,04-10-2020,7385.38
300000079,Ruth Mathis,Female,23,Wales,Blue Collar,15-03-2020,7370.52
200003177,Jane White,Female,55,Scotland,Other,14-11-2020,7365.5
100001834,Jasmine Scott,Female,37,England,White Collar,29-08-2020,7355.25
100000315,Peter Metcalfe,Male,27,England,Other,26-04-2020,7336.33
200003275,Sam Anderson,Male,47,Scotland,Other,20-11-2020,7286.16
300002855,Rose Berry,Female,32,Wales,White Collar,27-10-2020,7278.4
200003717,Austin Blake,Male,38,Scotland,Other,14-12-2020,7218.79
100003967,Sean Hudson,Male,23,England,Blue Collar,27-12-2020,7211.67
200002378,Charles Avery,Male,58,Scotland,Other,29-09-2020,7185.59
200000068,Lucas Piper,Male,61,Scotland,Blue Collar,12-02-2020,7162.43
100001985,Alan Duncan,Male,34,England,White Collar,10-09-2020,7149.43
300001696,Natalie Graham,Female,38,Wales,White Collar,21-08-2020,7148.82
300003157,David Greene,Male,35,Wales,White Collar,13-11-2020,7139.62
100000284,Lily Hughes,Female,30,England,White Collar,20-04-2020,7136.47
100001388,Trevor Davidson,Male,38,England,White Collar,26-07-2020,7098.63
300003408,Dan Underwood,Male,30,Wales,White Collar,27-11-2020,7049.66
100001580,Penelope Coleman,Female,36,England,White Collar,11-08-2020,7039.42
100001674,Irene Alsop,Female,46,England,White Collar,20-08-2020,7003.01
200003955,John Lyman,Male,53,Scotland,Blue Collar,26-12-2020,6989.48
100003753,Julian Mitchell,Male,30,England,Blue Collar,16-12-2020,6983.32
100002708,Carol Hill,Female,32,England,White Collar,20-10-2020,6968.37
200000462,Paul Martin,Male,52,Scotland,Other,12-05-2020,6967.51
200001902,Keith Kelly,Male,60,Scotland,Blue Collar,03-09-2020,6961.67
100002624,Stephen Murray,Male,38,England,Blue Collar,15-10-2020,6958.19
100000937,Karen White,Female,28,England,Blue Collar,20-06-2020,6921.74
200003291,Rachel Grant,Female,42,Scotland,Other,21-11-2020,6916.13
100001658,Leah MacLeod,Female,39,England,White Collar,18-08-2020,6904.7
200003546,Gavin Duncan,Male,56,Scotland,Other,04-12-2020,6887.34
200003180,John Payne,Male,49,Scotland,Other,14-11-2020,6881.74
100001395,Penelope Duncan,Female,39,England,White Collar,27-07-2020,6861.44
100002964,Deirdre Brown,Female,37,England,White Collar,01-11-2020,6845.33
200002650,Liam Arnold,Male,50,Scotland,Blue Collar,16-10-2020,6844.11
100002814,Luke Welch,Male,29,England,White Collar,26-10-2020,6839.9
100001291,Victor Berry,Male,27,England,White Collar,21-07-2020,6825.79
200002924,Joshua Hughes,Male,52,Scotland,Blue Collar,30-10-2020,6809.17
100002826,Ella Baker,Female,29,England,White Collar,26-10-2020,6807.36
100002810,Julian Welch,Male,37,England,White Collar,26-10-2020,6765.07
100003621,Steven MacLeod,Male,28,England,Blue Collar,09-12-2020,6747.52
300000358,Simon Morrison,Male,28,Wales,Blue Collar,03-05-2020,6729.3
200002712,Sean Rutherford,Male,55,Scotland,Blue Collar,20-10-2020,6727.7
200002518,Jack Rees,Male,44,Scotland,Blue Collar,08-10-2020,6697.68
100002961,John Cornish,Male,28,England,White Collar,01-11-2020,6680.22
200002356,Chloe Sanderson,Female,59,Scotland,Other,28-09-2020,6674.7
100003383,James Clark,Male,47,England,White Collar,27-11-2020,6631.7
400001343,Yvonne Buckland,Female,31,Northern Ireland,Other,22-07-2020,6631.42
100001726,Phil Lawrence,Male,37,England,Other,23-08-2020,6591.25
200000024,Carl Quinn,Male,52,Scotland,Blue Collar,19-01-2020,6580.81
200000484,Ian Morrison,Male,39,Scotland,Blue Collar,13-05-2020,6572.36
100002883,Dorothy Paterson,Female,35,England,White Collar,29-10-2020,6556.67
200003968,Joanne Hughes,Female,51,Scotland,Other,27-12-2020,6555.97
400002319,Karen Butler,Female,40,Northern Ireland,White Collar,26-09-2020,6540.58
100001907,Sean Taylor,Male,43,England,White Collar,04-09-2020,6525.63
100000412,Dan Wright,Male,18,England,White Collar,08-05-2020,6507.7
200000586,Dylan Piper,Male,44,Scotland,Blue Collar,19-05-2020,6498.08
100001159,Gordon Hamilton,Male,32,England,White Collar,11-07-2020,6471.9
300001079,Phil Hudson,Male,36,Wales,Blue Collar,04-07-2020,6467.89
100000437,Sean Sanderson,Male,31,England,Blue Collar,10-05-2020,6459.02
400000517,Carol Rutherford,Female,37,Northern Ireland,Other,15-05-2020,6456.6
200002979,Brian Black,Male,57,Scotland,Blue Collar,01-11-2020,6436.22
400001794,James Terry,Male,27,Northern Ireland,Blue Collar,26-08-2020,6426.13
200000353,Gordon Ellison,Male,58,Scotland,Blue Collar,03-05-2020,6416.8
100002850,Gavin Buckland,Male,38,England,White Collar,27-10-2020,6411.33
200001901,Owen Watson,Male,50,Scotland,Other,03-09-2020,6400.76
200000371,Alan Kelly,Male,44,Scotland,Other,05-05-2020,6288.73
200000534,Sebastian Thomson,Male,62,Scotland,Blue Collar,17-05-2020,6273.93
100001294,Joan Underwood,Female,36,England,Other,21-07-2020,6272.99
200003100,Blake Manning,Male,61,Scotland,Blue Collar,10-11-2020,6243.3
200002486,Rebecca Hunter,Female,52,Scotland,Other,06-10-2020,6222.21
200001331,Maria Robertson,Female,56,Scotland,Other,22-07-2020,6197.21
200000747,Peter Gibson,Male,47,Scotland,Blue Collar,30-05-2020,6187.55
200003305,Melanie Baker,Female,45,Scotland,Other,22-11-2020,6176.99
400000541,Victoria Kerr,Female,30,Northern Ireland,Blue Collar,17-05-2020,6133.35
100003875,Samantha King,Female,37,England,White Collar,23-12-2020,6110.25
200001031,Tracey Ferguson,Female,48,Scotland,Other,29-06-2020,6104.59
100001096,Rebecca Bell,Female,35,England,Blue Collar,06-07-2020,6083.13
100001195,Christopher Walsh,Male,32,England,White Collar,13-07-2020,6080.49
400002980,Molly Taylor,Female,31,Northern Ireland,Blue Collar,01-11-2020,6057.88
300003467,Fiona Powell,Female,31,Wales,White Collar,30-11-2020,6052.52
100002324,Anthony Rutherford,Male,37,England,Other,27-09-2020,6031.79
100001756,Keith Dyer,Male,28,England,Other,24-08-2020,6016.04
200003791,Bernadette Davidson,Female,49,Scotland,Other,17-12-2020,5981.41
100002915,Deirdre Abraham,Female,23,England,White Collar,30-10-2020,5965.14
200001150,Amy Graham,Female,60,Scotland,Blue Collar,10-07-2020,5916.94
400002130,Amy Ferguson,Female,32,Northern Ireland,Other,18-09-2020,5908.97
200003578,Caroline Stewart,Female,35,Scotland,Other,06-12-2020,5897.92
100001015,Nicholas Poole,Male,24,England,White Collar,28-06-2020,5880.85
200003293,Anthony Morrison,Male,47,Scotland,Blue Collar,21-11-2020,5875.97
100003447,Yvonne Morrison,Female,34,England,White Collar,30-11-2020,5871.86
100002967,Sally Bower,Female,38,England,White Collar,01-11-2020,5852.82
100001483,Samantha Kerr,Female,25,England,White Collar,02-08-2020,5834.39
100000034,Jake Wilson,Male,26,England,Other,30-01-2020,5833.62
400000497,Anna Chapman,Female,26,Northern Ireland,White Collar,14-05-2020,5789.63
200000765,Paul Baker,Male,44,Scotland,Blue Collar,31-05-2020,5784.28
200001283,Evan Burgess,Male,48,Scotland,Blue Collar,20-07-2020,5725.96
200003102,Anthony Davidson,Male,61,Scotland,Other,10-11-2020,5711.43
100001372,Ava Hart,Female,32,England,White Collar,25-07-2020,5709.07
200003494,Jason Hemmings,Male,48,Scotland,Blue Collar,02-12-2020,5703.79
100000038,Robert Cornish,Male,31,England,Other,31-01-2020,5688.36
300000364,Katherine Howard,Female,34,Wales,White Collar,04-05-2020,5654.34
100000316,Mary Carr,Female,37,England,White Collar,26-04-2020,5611.36
100003388,Lily Butler,Female,35,England,White Collar,27-11-2020,5603.29
100001322,Carol Simpson,Female,40,England,White Collar,22-07-2020,5585.36
100002821,Dan Campbell,Male,35,England,White Collar,26-10-2020,5582.48
100002408,Oliver Short,Male,29,England,White Collar,01-10-2020,5564.99
300003534,Audrey Thomson,Female,18,Wales,White Collar,03-12-2020,5557.32
100001637,Samantha Ferguson,Female,26,England,White Collar,16-08-2020,5526.87
200003523,Keith Poole,Male,47,Scotland,Blue Collar,03-12-2020,5520.69
100002738,Christian Hart,Male,32,England,White Collar,22-10-2020,5519.53
100002452,Rebecca Gill,Female,25,England,Blue Collar,04-10-2020,5490.74
100003191,Alexander Reid,Male,31,England,Other,15-11-2020,5478.06
100000291,Wanda Quinn,Female,21,England,White Collar,22-04-2020,5470.79
200002413,Lillian Payne,Female,51,Scotland,Other,01-10-2020,5467.19
200000099,Robert May,Male,40,Scotland,Blue Collar,16-03-2020,5456.86
300002488,Simon Hardacre,Male,42,Wales,White Collar,06-10-2020,5436
100003381,Julia Churchill,Female,23,England,Other,27-11-2020,5434.22
100002554,Dominic Bailey,Male,24,England,Blue Collar,11-10-2020,5396.97
100002786,Penelope Jackson,Female,32,England,White Collar,25-10-2020,5369.67
100000421,Kimberly Wallace,Female,30,England,Other,09-05-2020,5357.39
100003788,Jane Short,Female,29,England,White Collar,17-12-2020,5312.07
200000067,Dan Ellison,Male,47,Scotland,Blue Collar,12-02-2020,5300.47
100003984,Tim Nash,Male,25,England,White Collar,29-12-2020,5280.71
100003217,Joseph Scott,Male,36,England,White Collar,17-11-2020,5275.67
100001636,Steven Sharp,Male,23,England,Other,15-08-2020,5257.22
100002168,Maria Bailey,Female,42,England,White Collar,21-09-2020,5252.57
100002766,Trevor Jackson,Male,28,England,Other,24-10-2020,5247.94
100003028,Rachel Hudson,Female,35,England,White Collar,05-11-2020,5247.83
100001318,Michael Grant,Male,37,England,Blue Collar,22-07-2020,5234.01
200003088,Victoria Nolan,Female,51,Scotland,Other,09-11-2020,5227.69
300002637,Jacob Parsons,Male,39,Wales,Blue Collar,15-10-2020,5201.79
100003448,Lucas Abraham,Male,31,England,White Collar,30-11-2020,5178.59
100000151,Connor Grant,Male,33,England,White Collar,05-04-2020,5160.27
400001426,Dominic Young,Male,17,Northern Ireland,Other,28-07-2020,5158.87
100001533,Chloe Gibson,Female,39,England,White Collar,07-08-2020,5133.32
100003878,Lauren Churchill,Female,25,England,White Collar,23-12-2020,5121.17
100001946,Ian Glover,Male,40,England,Blue Collar,07-09-2020,5106.86
300002267,Anna Tucker,Female,25,Wales,Other,24-09-2020,5073.87
100002553,Stephanie Peters,Female,31,England,White Collar,11-10-2020,5062.51
100002156,Liam Davies,Male,43,England,White Collar,20-09-2020,5055.31
100002244,Sue Arnold,Female,38,England,White Collar,24-09-2020,5053.64
200003540,Nathan Ogden,Male,57,Scotland,Blue Collar,04-12-2020,5042.52
100003222,Richard Clarkson,Male,41,England,Blue Collar,17-11-2020,5040.5
200003936,Leonard Avery,Male,51,Scotland,Blue Collar,25-12-2020,5038.58
100001084,Molly Wallace,Female,44,England,White Collar,05-07-2020,5032.09
100001800,Keith Abraham,Male,27,England,Blue Collar,27-08-2020,5019.65
200003650,Thomas Fraser,Male,51,Scotland,Blue Collar,10-12-2020,5018.31
100003800,Ludwig Nash,Male,32,England,Other,18-12-2020,4983.93
100002660,Ruth Skinner,Female,42,England,Other,17-10-2020,4959.12
400001578,Emily Harris,Female,34,Northern Ireland,Other,10-08-2020,4951.65
200000941,Benjamin Manning,Male,48,Scotland,Blue Collar,20-06-2020,4941.65
100002285,Sonia Ball,Female,31,England,Other,25-09-2020,4941.26
100000147,Jacob Metcalfe,Male,33,England,White Collar,05-04-2020,4940.82
100001223,Deirdre King,Female,31,England,White Collar,15-07-2020,4930.82
200001612,Brian Alsop,Male,61,Scotland,Other,13-08-2020,4926.12
100000055,Cameron Taylor,Male,24,England,White Collar,12-02-2020,4912.21
100002111,Deirdre Lee,Female,37,England,White Collar,18-09-2020,4909.99
100003133,Pippa Bond,Female,46,England,Blue Collar,12-11-2020,4907.58
100001526,Jonathan Duncan,Male,48,England,Other,06-08-2020,4901.23
100001725,Steven MacDonald,Male,46,England,White Collar,23-08-2020,4887.16
100001691,Amanda Gill,Female,33,England,White Collar,21-08-2020,4884.67
100003889,Jane Martin,Female,36,England,White Collar,23-12-2020,4867.07
100000087,Jack White,Male,41,England,Other,16-03-2020,4846.57
100002996,Fiona Morgan,Female,44,England,Blue Collar,03-11-2020,4837.23
200003545,Joan Avery,Female,41,Scotland,White Collar,04-12-2020,4833.02
200003101,William Lambert,Male,53,Scotland,Blue Collar,10-11-2020,4821.6
300003368,Owen Ferguson,Male,28,Wales,Blue Collar,26-11-2020,4820.98
300000395,Gavin Oliver,Male,32,Wales,Other,06-05-2020,4820.58
100003172,Joe Henderson,Male,43,England,Blue Collar,14-11-2020,4808.93
200001044,Stephen Mathis,Male,52,Scotland,Other,30-06-2020,4793.55
100001859,Anna Fisher,Female,35,England,White Collar,31-08-2020,4750.24
100002365,Sam Hunter,Male,49,England,Other,29-09-2020,4735.8
400000755,Angela Oliver,Female,19,Northern Ireland,Other,30-05-2020,4733.29
100002993,Dylan Metcalfe,Male,37,England,Blue Collar,03-11-2020,4725.23
100002544,Kevin Arnold,Male,33,England,Blue Collar,10-10-2020,4706.69
400000513,Amy Wilkins,Female,20,Northern Ireland,Other,15-05-2020,4672.75
200001571,Ian Alsop,Male,52,Scotland,Blue Collar,10-08-2020,4661.79
300001996,Owen Ball,Male,41,Wales,White Collar,10-09-2020,4657.16
100003081,Matt Russell,Male,35,England,Blue Collar,09-11-2020,4653.31
100000228,Virginia Howard,Female,37,England,White Collar,15-04-2020,4611.5
200003905,Joshua Rutherford,Male,44,Scotland,Blue Collar,23-12-2020,4611.45
100003078,Piers Pullman,Male,23,England,Other,09-11-2020,4588.12
100000061,Kylie Howard,Female,35,England,White Collar,12-02-2020,4586.23
100000617,Evan Metcalfe,Male,32,England,Blue Collar,21-05-2020,4576.45
100002362,Melanie Hodges,Female,33,England,White Collar,29-09-2020,4575
200003460,Leonard Cameron,Male,51,Scotland,Other,30-11-2020,4573.26
100003988,Theresa Forsyth,Female,30,England,White Collar,29-12-2020,4570.98
100003134,Dan Black,Male,39,England,White Collar,12-11-2020,4563.44
100000867,Evan Abraham,Male,38,England,White Collar,14-06-2020,4562.77
100004007,Rachel Davies,Female,34,England,Blue Collar,30-12-2020,4561.22
200001440,Colin Hill,Male,50,Scotland,Blue Collar,29-07-2020,4557.94
100000144,Sean Bell,Male,26,England,White Collar,03-04-2020,4539.24
100000341,Jasmine Greene,Female,29,England,White Collar,30-04-2020,4507.91
100002877,Peter Slater,Male,36,England,White Collar,29-10-2020,4503.8
300003956,Jane Duncan,Female,34,Wales,Blue Collar,26-12-2020,4478.46
100003373,Ruth White,Female,41,England,White Collar,27-11-2020,4477.36
100000246,Justin Paterson,Male,30,England,White Collar,17-04-2020,4442.71
200001610,Ian Baker,Male,44,Scotland,White Collar,13-08-2020,4442.02
100001559,Oliver Gray,Male,46,England,White Collar,09-08-2020,4439.7
100003064,Sean Peake,Male,43,England,White Collar,08-11-2020,4421.1
300001698,Gordon Lambert,Male,38,Wales,Blue Collar,21-08-2020,4409.18
400001000,Lisa Thomson,Female,29,Northern Ireland,Other,26-06-2020,4406.82
200001127,Eric Nolan,Male,33,Scotland,Blue Collar,08-07-2020,4403.78
400002699,Ruth Graham,Female,61,Northern Ireland,White Collar,19-10-2020,4387.05
200000165,Paul Harris,Male,52,Scotland,Blue Collar,05-04-2020,4371.98
200003693,Christopher Churchill,Male,37,Scotland,Blue Collar,13-12-2020,4368.71
200001693,Lucas Clarkson,Male,48,Scotland,Blue Collar,21-08-2020,4363.5
100000128,Virginia Berry,Female,41,England,White Collar,01-04-2020,4347.79
100003833,Tracey Hardacre,Female,34,England,White Collar,20-12-2020,4300.94
400000432,Abigail Poole,Female,29,Northern Ireland,Other,09-05-2020,4287.78
100001314,Dan Short,Male,32,England,White Collar,22-07-2020,4287.63
100000420,Samantha Mackenzie,Female,32,England,White Collar,09-05-2020,4285.6
100003203,Piers Campbell,Male,37,England,White Collar,16-11-2020,4269.31
100000248,James Miller,Male,37,England,White Collar,17-04-2020,4263.53
100000606,Ruth Mackenzie,Female,42,England,White Collar,20-05-2020,4252.16
300001204,Olivia Langdon,Female,42,Wales,White Collar,13-07-2020,4250.38
100003642,Katherine Dowd,Female,26,England,Other,10-12-2020,4212.36
100000090,Wanda Henderson,Female,35,England,White Collar,16-03-2020,4194.57
200001435,Peter Welch,Male,51,Scotland,Blue Collar,29-07-2020,4188.63
100001984,Michelle Sharp,Female,39,England,White Collar,10-09-2020,4157.79
200001597,Heather Young,Female,45,Scotland,Other,12-08-2020,4151.14
100000163,Amanda Morgan,Female,39,England,White Collar,05-04-2020,4120.66
100003167,Charles Powell,Male,41,England,Other,14-11-2020,4111.42
200003461,Claire Edmunds,Female,56,Scotland,Other,30-11-2020,4111.03
100003189,Richard Anderson,Male,48,England,White Collar,15-11-2020,4098.82
200001260,Matt White,Male,52,Scotland,Blue Collar,18-07-2020,4096.45
200001334,Carl Stewart,Male,40,Scotland,Other,22-07-2020,4076.19
100000222,Jessica Morrison,Female,33,England,White Collar,14-04-2020,4072.58
100002997,Ava Mills,Female,31,England,Other,03-11-2020,4064.42
100001356,Stephanie Clark,Female,34,England,White Collar,24-07-2020,4056.75
200002399,Wendy Ferguson,Female,57,Scotland,Other,30-09-2020,4025.97
100000150,Michelle Lee,Female,29,England,White Collar,05-04-2020,4020.51
300003343,Felicity Turner,Female,35,Wales,White Collar,24-11-2020,4012.37
300003355,Melanie Metcalfe,Female,47,Wales,White Collar,25-11-2020,3985.97
100003745,Caroline Nash,Female,26,England,White Collar,16-12-2020,3974.04
400000027,Rachel McGrath,Female,37,Northern Ireland,White Collar,23-01-2020,3967.2
300002857,Angela Wilkins,Female,36,Wales,White Collar,27-10-2020,3962.3
100002562,Nicholas Powell,Male,48,England,White Collar,11-10-2020,3961.9
100000789,Brian Thomson,Male,22,England,White Collar,03-06-2020,3932.55
200001976,Isaac Coleman,Male,45,Scotland,Other,09-09-2020,3927.15
200001329,Michelle Edmunds,Female,43,Scotland,Other,22-07-2020,3893.42
100003931,James Mathis,Male,36,England,Other,25-12-2020,3890.92
100003784,Victor King,Male,40,England,White Collar,17-12-2020,3890.53
100003757,Kylie Powell,Female,38,England,White Collar,16-12-2020,3876.27
100003948,Owen Baker,Male,18,England,Blue Collar,26-12-2020,3858.9
300003429,Alison Young,Female,28,Wales,White Collar,28-11-2020,3856.26
300001857,Lisa Mathis,Female,47,Wales,White Collar,30-08-2020,3840.53
300003705,Julia Abraham,Female,39,Wales,White Collar,13-12-2020,3810.47
200000018,Samantha Coleman,Female,42,Scotland,Other,14-01-2020,3801.69
100003161,James Hodges,Male,44,England,White Collar,14-11-2020,3790.23
100000724,Una Blake,Female,41,England,White Collar,29-05-2020,3786.28
200002090,Connor Newman,Male,32,Scotland,Blue Collar,16-09-2020,3785.1
100001172,Phil Turner,Male,30,England,Other,12-07-2020,3776.11
200000842,Matt Manning,Male,64,Scotland,Blue Collar,10-06-2020,3775.44
100002937,Dorothy Hughes,Female,28,England,White Collar,31-10-2020,3766.5
100002388,Theresa Lewis,Female,38,England,Blue Collar,30-09-2020,3761.07
100000122,Jacob Payne,Male,25,England,Other,31-03-2020,3738.1
100000208,Phil Lewis,Male,39,England,White Collar,12-04-2020,3734.24
100003361,Boris May,Male,34,England,White Collar,26-11-2020,3716.8
200003661,Keith Reid,Male,20,Scotland,Blue Collar,11-12-2020,3715.81
100001724,Eric Piper,Male,36,England,Blue Collar,23-08-2020,3691.67
100003829,Caroline Skinner,Female,34,England,White Collar,20-12-2020,3682.9
200003938,Robert Bond,Male,48,Scotland,White Collar,25-12-2020,3678.99
100003169,Dorothy Vance,Female,35,England,Blue Collar,14-11-2020,3673.79
100003689,Ryan Oliver,Male,36,England,White Collar,13-12-2020,3629.45
300001456,Dominic Jackson,Male,40,Wales,White Collar,30-07-2020,3615.89
200001215,Anthony Metcalfe,Male,56,Scotland,Blue Collar,14-07-2020,3578.96
300002537,Sean Powell,Male,39,Wales,Other,09-10-2020,3575.21
100003737,Sean Gray,Male,34,England,White Collar,15-12-2020,3531.34
200001101,Eric Parr,Male,56,Scotland,Blue Collar,06-07-2020,3516.35
100002466,Virginia Skinner,Female,27,England,Blue Collar,05-10-2020,3471.22
100003173,Leonard Gill,Male,39,England,Blue Collar,14-11-2020,3436.77
100000028,Alison Fisher,Female,33,England,White Collar,25-01-2020,3428.56
200001407,Nicholas James,Male,55,Scotland,Other,27-07-2020,3397.32
100001583,David Ince,Male,36,England,White Collar,11-08-2020,3374.77
200001146,Irene Davies,Female,46,Scotland,Other,10-07-2020,3374.35
400002075,James Welch,Male,27,Northern Ireland,White Collar,15-09-2020,3331.8
200003858,Ruth Carr,Female,43,Scotland,Other,21-12-2020,3297.32
100000170,Natalie Morrison,Female,32,England,Other,06-04-2020,3290.79
100002808,Charles Langdon,Male,37,England,Other,26-10-2020,3287.31
100002019,Grace May,Female,34,England,Blue Collar,12-09-2020,3279.7
200002333,Carl Ellison,Male,50,Scotland,Blue Collar,27-09-2020,3246.67
100000991,Benjamin Welch,Male,33,England,White Collar,25-06-2020,3226.71
300000439,Tim Miller,Male,26,Wales,Blue Collar,10-05-2020,3209.28
100000197,Blake Ross,Male,38,England,Blue Collar,11-04-2020,3141.6
100001915,Wanda Cornish,Female,24,England,Other,05-09-2020,3140.85
100003066,Sue Glover,Female,27,England,White Collar,08-11-2020,3120.2
100000575,Michael Davidson,Male,20,England,White Collar,19-05-2020,3115.49
100001134,Julia Marshall,Female,36,England,White Collar,09-07-2020,3108.56
100002185,Owen Ross,Male,32,England,White Collar,22-09-2020,3103.61
200003901,Paul Ince,Male,45,Scotland,Blue Collar,23-12-2020,3052.4
100003278,Rachel Lambert,Female,21,England,White Collar,21-11-2020,3038.3
100002528,Steven Cameron,Male,34,England,White Collar,09-10-2020,3014.85
300003724,Sebastian White,Male,46,Wales,Blue Collar,14-12-2020,3002.2
200001936,Olivia Payne,Female,49,Scotland,White Collar,06-09-2020,2994.25
200003897,Paul Abraham,Male,48,Scotland,Blue Collar,23-12-2020,2991.66
100001557,Boris Anderson,Male,29,England,White Collar,09-08-2020,2987.04
100002621,Evan North,Male,43,England,Blue Collar,15-10-2020,2965.82
100000045,Dorothy Johnston,Female,53,England,Other,03-02-2020,2893.19
300000550,Fiona Young,Female,34,Wales,Blue Collar,18-05-2020,2872.93
100002055,Pippa Forsyth,Female,26,England,White Collar,14-09-2020,2849.16
300000015,Madeleine Marshall,Female,36,Wales,Other,12-01-2020,2846.03
100003850,Angela Bond,Female,38,England,White Collar,21-12-2020,2845.03
200003795,Richard Mills,Male,48,Scotland,Blue Collar,17-12-2020,2840.77
400000450,Jake Cornish,Male,39,Northern Ireland,Blue Collar,11-05-2020,2838.91
200001884,Sally Turner,Female,44,Scotland,Other,01-09-2020,2799.27
200001776,Frank Buckland,Male,52,Scotland,Blue Collar,25-08-2020,2793.81
100001758,Kimberly Lewis,Female,47,England,White Collar,24-08-2020,2741.32
100001094,Amanda Berry,Female,30,England,Other,06-07-2020,2730.89
100001797,Dylan Randall,Male,44,England,White Collar,27-08-2020,2716.79
100002171,Andrew Walker,Male,33,England,White Collar,21-09-2020,2710.9
100000849,Lily Gill,Female,25,England,White Collar,11-06-2020,2703.33
100003011,Sean Butler,Male,41,England,White Collar,04-11-2020,2665.32
100003254,David Poole,Male,38,England,White Collar,18-11-2020,2638.71
100002864,Faith Murray,Female,30,England,White Collar,28-10-2020,2633.71
100003282,Edward Ince,Male,43,England,White Collar,21-11-2020,2619.84
100001036,Claire Metcalfe,Female,40,England,White Collar,30-06-2020,2619.62
400001683,Felicity Vance,Female,24,Northern Ireland,Other,20-08-2020,2617.17
100003111,Benjamin Hughes,Male,33,England,Other,11-11-2020,2609.28
100002509,Nicholas Butler,Male,30,England,Blue Collar,08-10-2020,2603.66
100002595,Wendy Lee,Female,24,England,White Collar,13-10-2020,2590.6
200003821,Cameron Parsons,Male,45,Scotland,Blue Collar,19-12-2020,2583.75
100000221,Sally Arnold,Female,45,England,Blue Collar,14-04-2020,2575.63
100001863,Zoe Kerr,Female,36,England,White Collar,31-08-2020,2566.77
100002674,Christopher MacDonald,Male,40,England,White Collar,18-10-2020,2559.52
100001278,John Marshall,Male,40,England,Blue Collar,20-07-2020,2531.01
200001733,Zoe Mills,Female,60,Scotland,Other,23-08-2020,2527
300000778,Christopher McGrath,Male,28,Wales,Blue Collar,01-06-2020,2511.02
100001508,Owen Vaughan,Male,27,England,White Collar,04-08-2020,2504.74
100003213,Max Quinn,Male,45,England,White Collar,16-11-2020,2479.52
100002914,Mary Nolan,Female,33,England,Other,30-10-2020,2471.48
100001942,Joseph Payne,Male,50,England,White Collar,07-09-2020,2470.52
100001415,Jessica Howard,Female,30,England,White Collar,28-07-2020,2467.17
100000307,Adrian Hill,Male,33,England,Blue Collar,24-04-2020,2457.4
400000434,Penelope Paterson,Female,27,Northern Ireland,Other,09-05-2020,2437.23
100000400,Jacob Fisher,Male,35,England,White Collar,07-05-2020,2423.46
100001446,Lucas Paige,Male,36,England,White Collar,30-07-2020,2385.47
200000726,Peter Chapman,Male,43,Scotland,Other,29-05-2020,2362.16
200000949,Dylan Ellison,Male,50,Scotland,Other,20-06-2020,2347.34
100000161,Diana Powell,Female,42,England,White Collar,05-04-2020,2337
100001196,Yvonne Skinner,Female,37,England,White Collar,13-07-2020,2317.41
200002144,Gavin Davies,Male,50,Scotland,Blue Collar,19-09-2020,2311.31
100002474,Chloe Powell,Female,22,England,Blue Collar,06-10-2020,2301.9
100000198,Tim North,Male,29,England,White Collar,11-04-2020,2299.26
400003415,Amanda Kerr,Female,19,Northern Ireland,Other,27-11-2020,2184.18
100002077,David Harris,Male,25,England,White Collar,16-09-2020,2126.9
100002593,Emily Allan,Female,35,England,White Collar,13-10-2020,2120.44
100000016,Nicholas Newman,Male,42,England,White Collar,14-01-2020,2116.85
200003941,Joshua Sutherland,Male,59,Scotland,Other,25-12-2020,2114.65
200000258,Owen McGrath,Male,54,Scotland,Other,17-04-2020,2112.92
100003347,Jake Gibson,Male,24,England,White Collar,25-11-2020,2111.51
100003929,Benjamin Arnold,Male,32,England,White Collar,25-12-2020,2096.64
100001474,Lily Cornish,Female,23,England,Blue Collar,01-08-2020,2092.59
100003515,Victor Allan,Male,25,England,Blue Collar,03-12-2020,2046.02
100000328,Megan Tucker,Female,34,England,White Collar,28-04-2020,2016.84
100002578,Maria Taylor,Female,40,England,White Collar,12-10-2020,1949.08
200001086,Luke Scott,Male,47,Scotland,Blue Collar,05-07-2020,1948.26
400000419,Alison Kerr,Female,25,Northern Ireland,Other,08-05-2020,1905.46
400002166,Molly Kelly,Female,27,Northern Ireland,Blue Collar,20-09-2020,1897.88
100003061,Ella Rees,Female,25,England,Other,08-11-2020,1890.37
300002471,Kimberly MacDonald,Female,44,Wales,Other,05-10-2020,1884.22
100000059,Phil Randall,Male,39,England,Other,12-02-2020,1879.85
200000438,Colin Howard,Male,60,Scotland,White Collar,10-05-2020,1860.46
100001998,Amelia Howard,Female,30,England,White Collar,11-09-2020,1839.84
100003040,Wanda Blake,Female,29,England,Other,06-11-2020,1834.14
100001092,Alexandra Gill,Female,35,England,White Collar,06-07-2020,1827.85
300002714,Piers Rutherford,Male,35,Wales,Blue Collar,20-10-2020,1819.36
100002609,Audrey Hunter,Female,40,England,Other,14-10-2020,1795.2
300000599,Victoria Forsyth,Female,33,Wales,White Collar,19-05-2020,1790.25
100003149,Stephanie Morrison,Female,38,England,White Collar,13-11-2020,1768.41
100000455,Eric Henderson,Male,35,England,Blue Collar,12-05-2020,1760.36
200001625,Sam Fisher,Male,51,Scotland,Other,14-08-2020,1753.34
200001160,Cameron Quinn,Male,41,Scotland,Blue Collar,11-07-2020,1684.44
300000814,James Newman,Male,33,Wales,Other,05-06-2020,1657.46
100001923,Carolyn Johnston,Female,44,England,White Collar,05-09-2020,1607.63
100002005,Deirdre Nash,Female,49,England,White Collar,11-09-2020,1602.81
300002492,Maria Wright,Female,36,Wales,White Collar,06-10-2020,1576.57
200002484,Warren Rutherford,Male,50,Scotland,Blue Collar,06-10-2020,1566.53
100000318,Anna MacLeod,Female,43,England,Blue Collar,27-04-2020,1537.23
300000340,Rebecca Nash,Female,20,Wales,White Collar,29-04-2020,1488.04
200003525,Blake North,Male,54,Scotland,Blue Collar,03-12-2020,1473.57
100000155,Tim Arnold,Male,33,England,Blue Collar,05-04-2020,1455.6
100003060,Theresa Smith,Female,31,England,White Collar,08-11-2020,1447.65
100003756,Lillian Black,Female,45,England,White Collar,16-12-2020,1439.15
100001317,Jan Russell,Female,29,England,Blue Collar,22-07-2020,1434.13
100000098,Maria Johnston,Female,36,England,White Collar,16-03-2020,1430.6
100001358,Edward Parsons,Male,49,England,Other,24-07-2020,1426.26
100001986,Ian Terry,Male,41,England,White Collar,10-09-2020,1423.98
300000004,Trevor Parr,Male,32,Wales,White Collar,08-01-2020,1421.52
200003403,Irene Wilson,Female,61,Scotland,Blue Collar,27-11-2020,1409.52
100000051,Sophie Wilkins,Female,29,England,Blue Collar,12-02-2020,1401.43
300001466,Jonathan Clark,Male,34,Wales,Blue Collar,31-07-2020,1400.26
100001771,Trevor Hughes,Male,27,England,White Collar,25-08-2020,1387.14
200001404,Warren Underwood,Male,32,Scotland,Other,27-07-2020,1361.83
200000911,Julian Hunter,Male,48,Scotland,Other,18-06-2020,1341.31
100001293,Amy Avery,Female,31,England,White Collar,21-07-2020,1330.3
100002097,Zoe Cornish,Female,45,England,White Collar,17-09-2020,1320.93
300000467,Angela Morrison,Female,20,Wales,Other,12-05-2020,1291.01
200001403,Adam Martin,Male,39,Scotland,Blue Collar,27-07-2020,1255.52
200000191,Jason Fisher,Male,51,Scotland,Blue Collar,08-04-2020,1239.6
200001402,Stewart Roberts,Male,48,Scotland,Blue Collar,27-07-2020,1208.06
100001394,Ella Knox,Female,31,England,Other,27-07-2020,1173.73
300002670,Dylan Murray,Male,42,Wales,White Collar,17-10-2020,1153.98
200001043,Steven Newman,Male,49,Scotland,Blue Collar,30-06-2020,1096.36
300001465,Lily Hart,Female,34,Wales,White Collar,31-07-2020,1090.67
100000841,Donna Davidson,Female,42,England,Other,10-06-2020,1081.38
200003844,Penelope Langdon,Female,42,Scotland,Other,20-12-2020,1063.2
200003582,Tim Stewart,Male,49,Scotland,Blue Collar,06-12-2020,1018.95
100000158,Michael Powell,Male,26,England,White Collar,05-04-2020,1009.69
100001667,Bernadette Piper,Female,56,England,White Collar,19-08-2020,997.01
400000720,William Grant,Male,26,Northern Ireland,White Collar,28-05-2020,988.73
100002424,Wendy Clarkson,Female,41,England,Blue Collar,02-10-2020,964.1
100000678,Victoria Thomson,Female,25,England,White Collar,26-05-2020,926.29
100002110,Thomas Newman,Male,33,England,Other,18-09-2020,920.87
200000503,Warren Lyman,Male,51,Scotland,Blue Collar,15-05-2020,920.31
100003505,Brandon Butler,Male,31,England,White Collar,03-12-2020,919.95
100000760,Keith Walker,Male,40,England,White Collar,31-05-2020,919.39
100001225,Connor McLean,Male,34,England,White Collar,15-07-2020,919.1
100002121,Nathan Miller,Male,44,England,White Collar,18-09-2020,918.56
100003712,Amelia Arnold,Female,41,England,White Collar,14-12-2020,916.89
400002382,Audrey Knox,Female,24,Northern Ireland,Other,29-09-2020,899.97
200001624,Isaac Walsh,Male,51,Scotland,Other,14-08-2020,879.78
200002293,Jacob Mackay,Male,49,Scotland,Blue Collar,25-09-2020,875.27
100002197,Sebastian Churchill,Male,18,England,White Collar,23-09-2020,840.88
200000751,Brian Bond,Male,22,Scotland,Blue Collar,30-05-2020,837.33
100002460,John Clarkson,Male,22,England,White Collar,04-10-2020,781.84
300000768,Tracey Clark,Female,39,Wales,Other,31-05-2020,747.35
400000431,Jan Avery,Female,29,Northern Ireland,White Collar,09-05-2020,743.29
200003861,Eric Hamilton,Male,56,Scotland,Blue Collar,21-12-2020,740.2
100000280,Stephanie Ogden,Female,31,England,Other,19-04-2020,717.13
100001211,Madeleine Manning,Female,40,England,White Collar,14-07-2020,704.83
200002499,Alexander May,Male,32,Scotland,Blue Collar,07-10-2020,701.13
100002932,Lisa Morgan,Female,32,England,Other,31-10-2020,699.42
200002501,Warren Ferguson,Male,59,Scotland,Blue Collar,07-10-2020,690.99
100001908,Simon Marshall,Male,33,England,White Collar,04-09-2020,682.97
200003899,Liam Duncan,Male,53,Scotland,Blue Collar,23-12-2020,680.55
100003314,Alexander Newman,Male,32,England,Other,23-11-2020,677.88
200002519,Colin Randall,Male,52,Scotland,Blue Collar,08-10-2020,675.08
200003859,Jonathan Cornish,Male,33,Scotland,White Collar,21-12-2020,655.36
100003002,Tim Forsyth,Male,23,England,White Collar,03-11-2020,640.91
100003498,Nicola King,Female,36,England,White Collar,03-12-2020,625.07
100003919,Michael Coleman,Male,33,England,Blue Collar,24-12-2020,614.71
200003298,Sonia Cameron,Female,53,Scotland,Other,21-11-2020,466.01
200003425,Rachel Allan,Female,33,Scotland,White Collar,28-11-2020,422.94
300000687,Tim Vance,Male,36,Wales,Other,26-05-2020,401.13
200000535,Ryan Marshall,Male,46,Scotland,Blue Collar,17-05-2020,399.51
100002468,Robert Mills,Male,42,England,White Collar,05-10-2020,368.53
100002169,Ruth Hudson,Female,27,England,White Collar,21-09-2020,361.64
400000654,Simon Lawrence,Male,25,Northern Ireland,Other,23-05-2020,354.04
200003937,Jake Fisher,Male,49,Scotland,Blue Collar,25-12-2020,342.64
100003236,Lily Grant,Female,37,England,Other,17-11-2020,339.23
100000378,Harry Manning,Male,18,England,White Collar,06-05-2020,311.26
100003397,Bella Ellison,Female,30,England,White Collar,27-11-2020,279.01
100002750,Carl Fisher,Male,38,England,White Collar,23-10-2020,267.38
100003558,Sam Poole,Male,34,England,White Collar,05-12-2020,251.67
100000080,David Peters,Male,34,England,White Collar,16-03-2020,245.46
200001282,Matt Watson,Male,44,Scotland,White Collar,20-07-2020,242.49
200004013,Christian Reid,Male,51,Scotland,Blue Collar,30-12-2020,239.45
200003843,Colin Mackenzie,Male,39,Scotland,Blue Collar,20-12-2020,177.28
100003882,Lauren Slater,Female,35,England,Blue Collar,23-12-2020,168.18
100000297,Sophie Thomson,Female,33,England,White Collar,23-04-2020,152.91
100002735,Chloe Gill,Female,27,England,Blue Collar,22-10-2020,134.94
400002278,Pippa Ball,Female,33,Northern Ireland,Other,24-09-2020,133.75
100001419,Lillian Mathis,Female,43,England,White Collar,28-07-2020,114.69
100003885,Abigail Mills,Female,29,England,White Collar,23-12-2020,98.68
300003497,Rebecca Howard,Female,30,Wales,Blue Collar,02-12-2020,96.26
300003468,Stewart Johnston,Male,41,Wales,Blue Collar,30-11-2020,77.46
400002046,Megan Hart,Female,19,Northern Ireland,Blue Collar,13-09-2020,69.78
200000775,Warren Roberts,Male,37,Scotland,Blue Collar,01-06-2020,69.01
400000075,Olivia Dowd,Female,30,Northern Ireland,White Collar,12-02-2020,21.03
100001320,Jane King,Female,38,England,White Collar,22-07-2020,11.52
